Album,Artist,Album Date
NAN CHUN,SE SO NEON,2020-05-10
To See the Next Part of the Dream,Parannoul,2021-04-19
Nonadaptation,SE SO NEON,2020-02-18
nightlife,yuragi,2016-12-27
can't,OurR,2021-05-12
The Moon and the Melodies,"Cocteau Twins, Harold Budd",1986-11-10
Atemahawke,Porter,2007-05-05
Orange Rhyming Dictionary,Jets To Brazil,1998-10-27
Mellon Collie And The Infinite Sadness (Deluxe Edition),The Smashing Pumpkins,1996-10-16
Dopamine Online,TOKYOPILL,2022-07-20
Dopamine Online,"TOKYOPILL, Nedaj",2022-07-20
Dopamine Online,"TOKYOPILL, Lonestar Void",2022-07-20
Serial Experiments PAIN,TOKYOPILL,2022-01-30
TOKYO Drift Club,TOKYOPILL,2021-11-01
End of TOKYO,TOKYOPILL,2022-10-20
otherworld,optic core,2022-12-30
virtual beauty,LOMAJI,2022-11-12
Pure Judgement,amore,2022-10-14
escape FM,black balloons,2022-12-02
Runners,LOMAJI,2022-12-10
back to tha,Casper Mcfadden,2022-12-13
feelin you,LOMAJI,2022-01-10
The Demon At Dusk,Yesterdayneverhappened,2022-10-28
Trancendence,"Nedaj, Young Mooski",2022-12-23
RR,LOMAJI,2022-01-10
urban noise,LOMAJI,2022-01-10
gleam,Amal,2021-05-14
Heavy Handed,"Racquan, CleavageCrumbz",2022-12-18
DIGITAL HYPE,LOMAJI,2022-08-25
NO MERCY,"Nedaj, Purity Filter",2022-12-02
way 2 good (idc),Dazegxd,2022-09-16
Megaplex,LOMAJI,2022-01-10
_ACiD::_REDUX_,optic core,2022-09-16
PLAYER SELECT,LOMAJI,2022-01-10
Lucky!,Casper Mcfadden,2022-07-20
Life Between Lives,LOMAJI,2022-09-04
Almost Blue (After Hours Deluxe),"Tama Gucci, Swami Sound, Age",2022-09-27
GOGOGO,LOMAJI,2022-01-10
LETMEGO,black balloons,2022-07-29
ENDPOINT BOOTLEGS,"Nedaj, jinkasei",2022-10-07
ESCAPE,"Nedaj, amore",2022-08-05
6am (TOKYOPILL Remix),"Young Mooski, TOKYOPILL",2022-09-30
chasing time,LOMAJI,2022-01-10
medicalmechanica,Casper Mcfadden,2021-12-03
Z.O.E,LOMAJI,2022-01-10
NEGATIVE DEGREES,MaybeImTyler,2022-09-02
The Demon At Dusk,"Yesterdayneverhappened, Cartier God",2022-10-28
Back In The Day (Soulecta Dub),"Swami Sound, CVMILLE, Soulecta",2022-08-12
##extra zone 2,"Dazegxd, Leon English",2022-07-12
PURGATORY,"Sadbalmain, Nedaj",2022-08-12
ULTRA 99,IX Fall$,2022-12-09
Pxldll,Downhill2k01,2022-08-19
The Archangel,amore,2022-08-26
+ n o t i c e +,Emma Aibara,2022-08-13
A MESSAGE FROM MY DIGITAL TWIN,"Blksmiith, Star Trash",2022-07-08
2g K,"Jaxifyer, *teeth",2022-08-05
Wagenmuzik,gum.mp3,2022-07-14
binary,asc,2021-05-22
Different Places,"Fifty Grand, optic core",2022-02-22
PURGATORY,Sadbalmain,2022-08-12
D-R-O-W-N,"POSITIVE+, LVCA LEON, Egofear",2022-07-15
OUTSIDER,NOTION,2022-02-11
Refuse,Swami Sound,2022-06-01
LOST DREAMS,AKIBA,2021-08-27
twin snakes,LOMAJI,2022-01-10
progression breaks,disctr4k,2021-12-10
feelin you,LOMAJI,2021-08-02
When she fell from the sky,"Yung Lain, j1nabae",2022-06-10
HOLDMECLOSE,black balloons,2022-05-20
Lovedata,Heatace,2022-05-07
GENESIS,Nedaj,2022-06-17
progression breaks,"disctr4k, fusoxide",2021-12-10
GENESIS,"Nedaj, Sadbalmain",2022-06-17
Hyperscapism,"jinkasei, 1rokit",2022-06-24
pastel dream,LOMAJI,2022-01-10
AURA,"Nedaj, TOKYOPILL",2022-04-29
blame,"Dazegxd, Af1shawty",2022-03-31
FINAL FANTASY,black balloons,2022-04-22
Digital Rain,"yion, Folded Voices",2022-04-29
ONLINE INDUCED HIGH,TOKYOPILL,2022-07-07
Dreamcosm,"optic core, Outback",2021-06-18
Noise0002,"Eldia, Age, optic core",2021-02-01
Nova,Purity Filter,2021-03-24
b4 (TOKYOPILL Remix),"Heatace, TOKYOPILL",2022-04-16
E t h e r e a l,TOKYOPILL,2021-07-14
The Taste of Food Is My Reason for Living,Lil Kevo 303,2020-10-31
Dream Jungle,"Golden Boy, Deejay Chainwallet",2021-07-16
BERSERK,Nedaj,2021-10-28
Code,Nedaj,2022-01-21
thinking about u,"Dazegxd, gum.mp3",2021-11-09
save room,optic core,2021-12-24
EUPHORIA,"Sadbalmain, Nedaj",2021-07-29
Keygen,optic core,2021-05-14
care4me,black balloons,2022-02-11
Has To Be (Remixes),"CapzLock, TOKYOPILL",2022-02-25
s u b m e r g e,maladapt,2022-01-21
anaesthesia,In Explosions,2021-12-19
Virtual Tears,TOKYOPILL,2021-11-30
Shell Complex,optic core,2021-04-09
Cloud9,DreamWeaver,2020-02-09
Abandon The Flesh !,TOKYOPILL,2021-07-17
Noise0002,"Eldia, Dazegxd, optic core, Lyustra",2021-02-01
Wlfgrl,Machine Girl,2014-02-17
Devoid of All,POSITIVE+,2022-05-27
Easy Revenge,Pisca,2020-10-31
Hard Noize (Break Remix) / Tubes,"Dillinja, Break",2020-06-12
Knife Emoji,TOKYOPILL,2022-04-01
sounds from your computer vol. 1 4/12/21,cat mother,2021-04-12
Hellworld,Jak3 / Trashman,2018-04-04
Break It Off,PinkPantheress,2021-06-04
Noise0002,"Eldia, Iphi",2021-02-01
moment,asc,2022-05-28
Spacejams,Logistics,2010-11-15
Cloud9,"DreamWeaver, botanical anomaly",2020-02-09
Noise0002,"Eldia, Dazegxd, optic core",2021-02-01
Magpie (Nia Archives Remix),"Lava La Rue, Congo Natty, Phoebs, Nia Archives",2021-06-03
Arrowheads,POSITIVE+,2022-06-05
Prince of the Cyber Rave,Golden Boy,2020-02-21
Effective. Power,MIMIDEATH,2020-03-20
soft spot,"piri, Tommy Villiers",2021-06-04
Passion,PinkPantheress,2021-07-01
Miss Anthropocene (Deluxe Edition),Grimes,2020-02-21
Welcome To The Wired!,TOKYOPILL,2021-09-10
Butterfly,VIIZERO7,2021-06-25
Love In Fragments,Nfract,2021-02-20
living on borrowed time,BirraTheGunslinger,2021-07-02
Bleeding Reflection,Nfract,2020-09-18
Witness of Another World,C!erra My$t,2020-08-13
Depraved Voices,Nfract,2021-01-09
SOULGEMCOLLECTION,Harmful Logic,2019-01-23
g'LOSS,Yandere,2020-09-04
Jungle Witch ///,Vertigoaway,2020-09-06
VIRTUAL DEATH 9 5,TOKYOPILL,2021-07-29
PHANTOMA,"DJ Kuroneko, MANAPOOL",2021-01-21
Era9,Nedaj,2020-11-19
Partymonst3r,Yesterdayneverhappened,2021-06-15
goes nowhere,"Nosgov, Avast",2021-01-22
Experiment: E u p h o r i a,TOKYOPILL,2021-08-30
LT-GLOBE-XXX,BAKGROUND,2019-10-25
"Kaizo Demos, Vol. 1: My Friend Torimoti","Kaizo Slumber, Fax Gang",2021-02-12
self Worth,Harmful Logic,2020-07-03
Cross My Heart And Hope To Die,Harmful Logic,2021-06-18
##extra zone,Dazegxd,2021-12-29
save room,"optic core, Age",2021-12-24
Lifeforce,Zaphyre,2020-01-17
Gemini,Machine Girl,2015-07-28
Resonance,DV-i,2021-06-09
Kashmir,Nedaj,2021-06-20
Hope Lost,Jaxifyer,2020-07-29
Stasis (log),Casper Mcfadden,2021-01-01
H0L0G4A9H1C B3D400M,"Isaac Thursday, Vito Forza, Zach SantaBarbara",2021-03-08
Fevered Dream,Paradoxically,2020-07-09
Cherophobia,Jaxifyer,2020-05-19
Misdirection,"Goreshit, Hitori Tori",2021-04-02
Dream Jungle,Golden Boy,2021-07-16
Noise0002,"Eldia, Dazegxd",2021-02-01
H0L0G4A9H1C B3D400M,"Isaac Thursday, Darian",2021-03-08
I Hardly Knew You.,Goreshit,2016-05-16
Wedbecutetoget-her,o0o,2020-11-22
gnb,Goreshit,2011-11-01
Carmen Winstead,Acetantina,2021-05-07
Inner,Heatace,2021-01-23
H0L0G4A9H1C B3D400M,Isaac Thursday,2021-03-08
I NEVER MEANT FOR THIS TO HAPPEN,Golden Boy,2021-03-05
Gate Watchers,CubeNatural,2020-12-01
"Kaizo Demos, Vol. 2: Hologram Splendor",Kaizo Slumber,2021-03-24
The Sign You've Been Waiting On,maladapt,2022-06-03
fckfckfck,3l3d3p,2021-05-31
broken nostalgia ~,cat mother,2021-04-30
"Kaizo Demos, Vol. 3: Xeona",Kaizo Slumber,2021-06-11
Audio Diary,Casper Mcfadden,2020-02-26
We Chose You,Passing Currents,2021-08-15
d&db2.iso,"Dazegxd, gum.mp3",2021-02-11
九耳玖支,鬼否乐队,2017-11-03
1 LAST KI$$,SAGEISKAMI,2021-09-03
Kairi,Casper Mcfadden,2020-12-12
rapid,11vx,2021-05-12
ppp parasites eve (a collection of songs),Casper Mcfadden,2021-04-18
bad 4 us,"Dazegxd, gum.mp3",2021-09-02
Made in Heaven,DreamWeaver,2020-12-17
ワオン存在,AKIBA,2021-09-11
HALOS (Remastered),Agora,2018-09-12
i want to remember,Mello Uun,2021-08-10
Drop Dead Gorgeous,Kassgocrazy,2021-07-29
for a while,eightiesheadachetape,2020-11-29
GORE-TEX HEART,Jawko,2021-09-04
data drain,LOMAJI,2022-01-10
Deep / Deadly Deep Subs,Dillinja,2020-11-27
Alone,Nedaj,2021-09-16
tell me,"Dazegxd, MON",2021-09-10
Drop Dead Gorgeous,"Kassgocrazy, Take Van",2021-07-29
20.14,Agora,2020-10-23
lose ya,asc,2021-08-14
Static,Fragmented space,2021-09-22
save room,"optic core, shamana",2021-12-24
did i do it right?,Revin,2021-05-25
D R E A M C A S T / 2,Fragmented space,2021-10-02
LIMBO IS BORING,KENTENSHI,2021-09-17
i don't have much to say,Mello Uun,2021-10-10
PIXIEDUST001,"IX Fall$, florent!a",2021-05-14
CROWS,The Khan,2021-06-03
PIXIEDUST001,IX Fall$,2021-05-14
$iLENT HEAVEN,SAGEISKAMI,2021-09-14
ASHES OF GHOST$,SAGEISKAMI,2021-09-14
passing currents,Passing Currents,2022-07-17
conscious.self,Mystafai,2021-10-07
SONDER,KENTENSHI,2021-06-30
WOUNDS WILL HEA.L,Blksmiith,2021-10-15
Futurism - EP,GEST,2021-08-13
60FPS,Blksmiith,2021-09-09
JUNGLE TEKNAH,SHERELLE,2021-11-03
Hooversound Presents: Special Request and Tim Reaper,"Special Request, Tim Reaper",2021-01-22
twilight princess,Yesterdayneverhappened,2021-11-05
how far can we really go,Mello Uun,2021-11-23
Full Moon / Haunta,Tim Reaper,2021-10-08
Future Probably Faded,Boys Hotel,2020-11-17
Aeroplane,night ivory,2022-09-17
And When the Tides Change Nothing Will be Left,Blksmiith,2021-11-26
PROJECT:heaven,KENTENSHI,2021-10-30
Fuji,Nedaj,2021-08-12
Time Goes By,Take Van,2021-10-13
I Just Dropped Years For The Gang,Boys Hotel,2021-12-09
NEURAL NET,Star Trash,2021-12-10
Virginia Creeper,gum.mp3,2021-11-14
DESYNC,Blksmiith,2021-03-09
fallin 4 u (i rly like u),Dazegxd,2021-01-20
Night Walk,Boys Hotel,2021-12-23
save room,"optic core, Shiro",2021-12-24
Different Places (Remix),"optic core, Fifty Grand, TOKYOPILL",2022-04-15
amnesia,In Explosions,2021-12-31
PURGATORY,"Sadbalmain, malenkiyyarche, Nedaj",2022-08-12
Cute Junglists Unite,Boys Hotel,2021-12-30
GAMMA,amber key,2021-11-10
hurtful tone,damaggge,2022-03-03
the craved thoughts of a teenager,FlowerBoyDeMii,2021-10-07
Unleash,4banga,2022-04-07
TL001,truee.love,2021-10-15
i feel incredibly safe here,Yesterdayneverhappened,2022-04-22
Body Bangers,Boys Hotel,2022-01-06
PIXIEDUST002,IX Fall$,2022-01-07
Growing Pains,"Aukina, hxly xo",2022-01-07
cyb3rf!re,FlowerBoyDeMii,2021-10-31
PIXIEDUST002,"IX Fall$, florent!a",2022-01-07
Overkord,High Speed Precision,2022-01-11
christmas rap album (goodbye to an old me),korrina,2021-12-10
Automation With Human Form,"Renegade Android, Bloodclot",2021-06-18
ORENDA,Revin,2022-01-14
Aokinaoi,Scandisk7,2022-01-01
don't hold me back,Mello Uun,2022-01-22
wast.e,TURQUOISEDEATH,2021-12-13
r u ok?,In Explosions,2022-01-28
ESSO GAS STATION,SAGEISKAMI,2022-02-18
A MESSAGE FROM MY DIGITAL TWIN,Blksmiith,2022-07-08
Overdrive Dreams,Ftlframe,2022-01-28
You Will Be Mist,"úna blue, Nailbeds",2022-07-29
cyber://breaker,yuurusu,2021-07-30
im lost in a neverending dream,AKIBA,2022-01-29
urban noise,LOMAJI,2021-10-26
Hope It Stays,"Swami Sound, JOON",2021-11-30
LET U GO (JIN BOOTLEG),"Nedaj, jinkasei",2022-04-15
crazy4u!,Dazegxd,2022-02-16
d a r e,vertibrae,2021-12-31
Fool's Sanctuary,"TURQUOISEDEATH, vmrrobotic",2022-02-18
Simulation !,JVNLIII,2022-01-31
b4,Heatace,2022-02-26
Voidcore,SPURME,2021-12-31
Visualizer.Eden,yion,2022-02-20
ØPÄŁ JĄM§,Isaac Thursday,2022-02-03
「DIGITAL TWIN」,Blksmiith,2022-01-14
Snowy Fields Made Of My Tears,T.R. Ash,2021-11-28
Back in the Day,"Swami Sound, CVMILLE",2022-02-22
A Fine Day,"DXXDLY, Baeldorf",2022-02-25
Voidcore,"SPURME, TheAster",2021-12-31
channel surfer,blottter,2022-03-04
akina,"Nedaj, night ivory",2022-03-04
Umbrae,hxly xo,2022-03-10
effective. Power,3mouth,2022-08-01
Music for Awkward Dates,strxwberrymilk,2021-06-02
Affliction,4banga,2022-02-18
Carpal Tunnel,Racquan,2021-03-26
guessabelle,TURQUOISEDEATH,2022-01-02
Interia,yion,2022-02-20
sound of my ♡,Emma Aibara,2022-02-24
away,fromjoy,2022-07-15
Umbrae,"hxly xo, THRSHXLD",2022-03-10
Mr Valentine,YAZ,2022-02-11
MOONLIGHT,Muddyoush,2022-03-11
empathy,"j1nabae, wods91",2022-03-10
HOMOSEXUAL,"IX Fall$, florent!a",2022-03-18
RR,LOMAJI,2021-12-06
nyquil whore,korrina,2022-02-04
dreamscape,black balloons,2022-04-07
heartsix,llwll,2022-03-11
headaches,j1nabae,2022-03-16
the real me (TURQUOISEDEATH remix),"TURQUOISEDEATH, vmrrobotic",2022-03-16
Legacy (2020),Kyoumeni,2021-06-07
krystaline pink,D'Haelo,2021-05-21
Layers,Yung Lain,2022-03-22
Bubbly,Jia Pet,2022-01-18
We See & Feel Each Other,maladapt,2022-03-25
run2you,black balloons,2022-03-24
Girls Just Want Breaks (yion-flip),yion,2022-03-26
midnight city,FlowerBoyDeMii,2022-07-27
CONNECTION,42CLO,2021-01-24
Queen Vortex,"Yesterdayneverhappened, Kaizo Slumber",2021-11-26
4EP3,DONGURIZU,2022-06-01
don't look back,TURQUOISEDEATH,2022-04-09
"buried, yet so frail (Boys Hotel Remix)","IX Fall$, Boys Hotel",2022-05-13
blocks,"Nedaj, Rondocheek",2021-10-28
wrong answer,"Emma Aibara, Rem Egura",2022-05-14
Satellite from days of old lead me to your access code (Boys Hotel Remix),"Blksmiith, Boys Hotel",2022-07-21
the world from you,TURQUOISEDEATH,2022-04-29
Summit,Trashiii,2022-06-10
Pixelated Light,Yung Lain,2022-05-13
far away,FlowerBoyDeMii,2022-05-17
VIRTUE 00,Blksmiith,2022-05-13
WHEN I CRY,"IX Fall$, florent!a",2022-05-20
fatal warmth,TURQUOISEDEATH,2022-05-20
Winged Herald Prelude,"jinkasei, 1rokit",2022-05-27
I HATE LANDLORDS,comfort._,2022-05-21
in such a cruel way,42CLO,2022-06-10
RECONNECT,wearingyourlove,2022-09-26
NECROMANCER,flashbang,2022-09-05
shallow,vmrrobotic,2022-07-23
In my restless dreams,*teeth,2022-06-24
i can't stop from asking myself what if at this point in my life,buurglar,2022-06-23
4EVR,"Heatace, nonexx",2022-06-23
NEBULA,"flashbang, Sadbalmain",2022-07-29
Maria...?,Dontlookatmyface,2022-07-01
s5,5ubaruu,2022-01-16
MAiNFRAME FAiLURE,IX Fall$,2022-07-08
Agoraphobia,strxwberrymilk,2021-05-09
Silver Tapes,Ace-End,2022-07-20
sunder,"hxly xo, 4breeze",2022-07-08
By The Lake,vmrrobotic,2022-06-30
icemouth222,damaggge,2022-03-16
Bubbles,Sonic Rain,2022-06-03
always a part of me,jinkasei,2022-07-06
The Blubbering Madonna,Delancey Throne,2022-06-07
Come Home,Racquan,2021-12-03
Tesseract,SPURME,2022-07-01
blurred,"Homele$$, Sixteen666",2022-07-07
Plastic Memories,Cvmpliant,2022-03-20
tears (in the club),intoqu,2022-04-10
Break Me to My Core,Starmoon,2022-05-24
prsm trnsfomation,xxhardbit3s,2021-05-26
Asphyxiation Tapes,LVCA LEON,2022-06-03
digital,Lydels,2022-04-02
Bliss And Death,"SPURME, TheAster",2022-02-11
Wagenmuzik,"gum.mp3, disctr4k",2022-07-14
(dis).com★,Emma Aibara,2022-07-16
Premonition,Mayo.,2022-04-01
Tartarus,Skizmo,2022-05-21
PROGRAM ALPHA,Star Trash,2022-07-08
running up that hill (Remix),In Explosions,2022-07-12
CROWS,"The Khan, ize",2021-06-03
The Virtue of Fire,27zig,2022-06-23
CRUSTY,flashbang,2022-07-16
RUN (Trance Edit),amore,2022-07-15
Hatred,Iwakura,2022-06-26
makeup for boys,KasaLovr,2022-06-06
Flames to Dust,"amore, jinkasei",2022-12-16
hello.world,yion,2022-07-01
searchingfornobody,Mello Uun,2022-07-21
i don't remember much,damaggge,2022-05-15
chazza,sevnce,2022-06-03
Gogo Yubari,"Egofear, FlowerBoyDeMii",2022-07-22
CYBERTECH FUTURISTICA,"Yung Lain, SPURME",2022-07-22
Head Goes All Ways,TheAster,2022-03-20
wait forever !,"wearingyourlove, genumi",2022-07-07
For a Friend,Aeriu Ika,2022-07-01
underwater_level,p0lar,2022-02-11
Breakcore Yassification,Starmoon,2022-06-19
mania,kazahana,2021-11-16
Pills,Yung Lain,2022-07-10
i'm too tired for this,voont,2022-04-08
empathy purge,"Purity Filter, Vertigoaway",2022-10-31
Aether,Mayo.,2022-07-23
morphine,Homele$$,2022-07-29
It's Not Easy!,BTD666,2022-07-29
Mixed Gates,Eden FM,2022-06-24
Flight 999,"Egofear, Yung Lain",2022-07-29
Huddle,Outback,2022-02-04
Fall Of Icarus,"LitoTheDon, kuru",2022-07-01
without you,VEXD,2022-07-07
seraph.am,MANAPOOL,2022-05-18
Immortal Spirit,"Purity Filter, azul",2022-04-08
dreamcast! EP,GRIMEY!,2022-01-28
Shattering In The Rain,Aeriu Ika,2022-07-29
MOVING ON,maladapt,2022-07-29
butterfly-s,11vx,2022-02-18
savestate,boy 2000,2022-05-10
Downhill Select,"Downhill2k01, g0r3c0r3",2021-12-22
let me hear you say,disctr4k,2022-06-19
D-R-O-W-N,POSITIVE+,2022-07-15
Face The Future,DXRKWRLD,2022-08-05
My Feeling Of Given Up,Yung Lain,2022-08-05
DREAMSTATION 2000,flashbang,2022-08-09
crystal pyramids,LVCA LEON,2022-07-23
Golden Gaze,Sonic Rain,2022-07-11
nemesis,Lydels,2022-08-06
eat me alive,s4dunicorn,2022-08-04
Accela,4banga,2022-08-04
Ice In My Eyes,Yung Lain,2022-07-29
Purify Me,Heatace,2022-08-06
machine.learning,yion,2022-08-12
Anoesis,"Dontlookatmyface, Trashiii",2022-08-12
"it won't be long, i'll see you soon.",yuurusu,2022-03-23
Existance,Yung Lain,2022-08-19
Mind Racing,Mystafai,2022-08-19
human wanderings,LOMAJI,2022-05-13
otherworld,"optic core, Dazegxd",2022-12-30
Manifest,"JavR, Vxlious",2022-06-03
BLUE,Skizmo,2022-08-22
k00pahari,Yesterdayneverhappened,2022-08-24
Corruptеd (Iwakura Remix),"Midbooze, Iwakura",2022-08-20
Junta,Delancey Throne,2022-08-25
permafrost,hxly xo,2022-08-26
ON & ON,Muddyoush,2022-08-19
"Only Myself, Don't Be Affected By Others",TheAster,2022-08-27
yuurion.v1,"yuurusu, yion",2022-05-04
and then i woke up,AKIBA,2022-09-04
find your way back,TURQUOISEDEATH,2022-08-27
Wired ☁︎,Woozie Face,1969-04-20
washed up,Homele$$,2022-08-31
Existance : Side B,"Yung Lain, jinkasei",2022-09-02
Endorphins,FlowerBoyDeMii,2022-04-30
ABSENCE,yeahsokaye,2022-05-13
Just a Ride,"Criss Conflict, Theo Varda",2020-05-01
Starfields,TURQUOISEDEATH,2022-09-16
Neon White Soundtrack Part 1  The Wicked Heart ,Machine Girl,2022-06-16
Nightcore Anxiety,skaluh,2022-12-17
ANGELIC,kazahana,2022-08-28
CYBERNETIC JUMP,Trashiii,2022-09-30
cyan,parallel21,2022-08-26
RePorpoised Phantasies,Machine Girl,2020-07-03
Snow,Heatace,2022-09-29
EXISTANC3 R3BOOT,vmrrobotic,2022-09-23
PAINT THE WORLD BLUE,TURQUOISEDEATH,2022-09-30
WHAT ONCE WAS,IX Fall$,2022-10-14
skinwalker,Homele$$,2022-10-14
the craved thoughts: Pages 20-24,FlowerBoyDeMii,2022-10-14
mia,LVCA LEON,2022-10-14
svnshine,LVCA LEON,2022-10-06
sleeping on railways,Elicit,2022-10-14
Synchronize,Elicit,2022-07-24
sundown×mitsu/ansa,jinkasei,2022-10-19
Iridescence,"Skizmo, POSITIVE+",2022-10-08
daydreamer,"Enkei, SPURME",2022-10-21
dark opal scythe,oooz,2022-09-09
Conceited Reality,Mayo.,2022-10-22
unknown,Blksmiith,2022-10-21
OFF AXIS,MaybeImTyler,2022-10-27
realornot?,wev,2022-10-28
OFF AXIS,"MaybeImTyler, Blksmiith",2022-10-27
Dissociative Memories,*teeth,2022-10-29
tengoku,Emma Aibara,2022-10-30
Tartarus,"Skizmo, neon vapour",2022-07-19
apartment complex lovers,"TURQUOISEDEATH, 2 0 2 1",2022-10-28
deepdive2005,jinkasei,2022-11-04
Digital Moonlight,Elicit,2022-11-04
Have You Seen Me?,Elicit,2022-10-28
interlinked.mp3,eternalrain.mp3,2022-11-18
For a Friend,"Aeriu Ika, neon vapour",2022-11-12
Everything and Anything,kirakira,2022-11-04
Cultivator,Aeriu Ika,2022-10-07
breakcore is a good way to get laid,toadmilk,2022-10-11
otherworld,"optic core, Blksmiith",2022-12-30
Deep Breaths,zxmablue,2022-10-28
You Wouldn't Download A Car.,Egofear,2022-11-28
Magister,Type R,2022-05-20
://Cyber.Love,Egofear,2022-11-05
Broken,"SPXRXT, toadmilk",2022-10-08
Noctambule,Yung Lain,2022-11-11
Fairy,Yung Lain,2022-09-26
out of it,wearingyourlove,2022-11-22
SCATTER,flashbang,2022-11-04
NO MERCY,"Nedaj, amore",2022-12-02
Secret Memories,Eden FM,2022-08-05
Shinda warutsu,Rory in early 20s,2021-05-08
Schlierberg,Kaizo Slumber,2021-12-24
One Foot in the Rave,Shitmat,2009-05-18
i'm in your walls,death insurance,2022-02-22
Fool's Gold,vmrrobotic,2022-11-25
A Normal Sized Pack Of Eggs Currently Cost 6.99 At Your Local Convenience Store,Radium,2022-08-05
access code obtained! im in!,Terahurtz,2022-09-25
Bus Stop,CYCLOPOP,2022-11-10
irys✧* ･ﾟ greatest hits,irystheworld,2022-11-10
Spiral,skaluh,2022-12-01
crying in the club,"s4dunicorn, SXDSHXWTY",2022-11-11
absence / glimpse,blushʕ ꈍᴥꈍʔ,2022-10-31
Club Cyberia ver.1.5328302427312...,tresworstenemy,2022-10-28
Desolate,Elicit,2022-12-02
Breaking Point,GermsNightmare,2022-12-09
Trauma Induced Nightmare,Midbooze,2022-11-12
i don't remember,vahybz,2022-10-14
papercuts,hxly xo,2022-10-21
novo cove,"hxly xo, 4breeze",2022-10-28
ORANGE,Skizmo,2022-11-21
Shibuya,$catterbrain,2022-11-12
ᴠɪʀᴛᴜᴀʟ®️ᴅᴏʟʟᴢ,VICTORMAXX,2022-10-18
H3LL ON EARTH,VICTORMAXX,2022-09-06
P S Y C H O S I S,Virtual Death,2022-12-15
Where's my arc,vinoine,2022-10-19
NEURAL HIGHWAY,yeahsokaye,2022-10-24
LightIsntDead,DIJAH,2022-12-16
a step away / bittersweet!,Lydels,2022-12-16
Stickynote!,MIDIUM,2022-08-10
Midnight's Terminal,Guita Boo,2022-12-17
angelwings,DJ DEADHORSES,2022-11-18
Go Slow,Yung Lain,2022-12-14
Bubblegum Crisis,"Suzukisan, Mezavant",2022-11-08
IF YOU DONT KNOW,MaybeImTyler,2023-01-05
Orbital Frames,Human Centerpiece,2023-01-06
Jungle Impact,D.S.S.,2022-10-22
sigil-SECT,"hxly xo, hiræth",2023-01-01
Enigma,Midbooze,2022-02-22
MidiOS,MIDIUM,2022-12-23
Break (Bust It Down!),SUSKI!,2022-12-10
Boku Mo Wakaran,Bogdan Raczynski,1999-03-29
S u r r e a l i t y,TOKYOPILL,2023-01-20
Tenochtitlan,Calaverx,2022-03-09
Size,Size,2018-11-02
The Vox (Vol. 1) [1985-1989],Decada 2,2016-02-22
Sigue Soplando el Anima,El Clan,1998-Unknown
Cosmódromo,Equinoxious,2016-09-01
Film,Casino Shanghai,1985-06-01
Cold Tears of an Angel,HOFFEN,2016-01-01
Eternos,Leonora Post Punk,2020-05-07
Atlas,I Can Fly,2017-05-09
Revlover,Emilio Revólver,2019-01-08
Vacui I,Alkalá,2019-10-04
Moderne Zeiten,Neue Strassen,2017-03-11
Lunas,Inovercy,2020-04-12
Vamos,Calaverx,2021-01-01
Et Vidi Lucem...,Lucida Fila,2020-08-06
Possessions,Dance Skeleton,2020-06-05
Deadbeat,Prismatic Shapes,2020-04-03
Magia Negra,Calaverx,2020-07-05
A.r.m.a.,ZODIAC ZODIAC,2019-04-01
Theories of Human Machine,Beatcrafted,2020-04-28
Stranger and Lovers,Stranger and Lovers,2019-11-27
Daniela Vald EP,Daniela Vald,2019-09-08
Movimiento Máquina (International Brotherhood of Machines),Rebel Empire,2017-09-15
Flexible,Flexible,2017-02-05
Ángel,Decena Trágica,2019-12-17
Depraved Priest,Depraved Priest,2020-07-03
Rugiendo De Furia,Hatrox,2020-07-03
Maquinarias,Ultimattum,2019-08-02
I Can Fly,I Can Fly,2015-07-27
"Stereochip Mixtape, Vol. 1",Werner Karloff,2018-06-20
Esfera,Mekrokiev,2011-10-28
Lean (Post-Punk),Saúl De los Santos,2020-09-17
Letargo,Los Malkavian,2018-07-11
Lápidas de Sal,Funeralz,2020-08-07
Capítulo 2,Silis,2020-01-10
Assembly of Shadows,"Dead Stop Mx, Mike Dead, Paco Almazán, Joél Rodríguez, Kelvin Nosti",2020-06-01
Homónimo,Fausto,2017-09-22
Perdido,Strongville,2020-07-24
Monotonous City,Monotonous Cities,2018-01-01
Entidad Mutante - 9132 Días (Remasterizada),El Clan,2017-09-01
El Nervio Del Volcan,Caifanes,1994-Unknown
Dominacion,Cruz De Navajas,2018-02-14
2020,Orlok,2020-03-27
Hit You,Nite Shadows,2018-01-01
Freedom Melodies,Capitals,2019-09-11
¿Estrero?,Estrero,2019-12-11
Blackmail,Inhabitants MX,2018-05-08
Sarajevo,Acid Fader,2019-07-18
"Colder Streets: Cold Wave / Minimal Synth Compilation, Vol. 1",The Funeral Medieval,2020-03-27
Mezcal a pleno vuelo,La Bande-Son Imaginaire,2018-04-09
Nubes,San Charbel,2017-03-10
Hollow,Hvmvn,2017-12-15
Caifanes,Caifanes,1988-05-15
Anarquía Coronada,El Ojo Y La Navaja,2018-08-01
Tú Besando la Locura,Hueco,2020-09-18
Mientras Esperas,Mint Field,2019-03-01
The Collection,Vestron Vulture,2018-01-01
Post-Punk / Mementut Itsog Album Completo,Mementut,2020-10-13
Una Mirada a Través De La Medusa (Un Ensayo Incompleto),SUNNSET,2019-05-18
Я Иду В Oxxo (Demo),Darkø,2020-05-30
Walk the Night (Demo Version),Blood Dance,2019-10-25
Casus Belli,Candy Colors,2015-10-07
Ludo Lpn2,Marlento,2011-02-26
Metonimia Pt. 2,Blue Nipples,2019-01-18
Ocean,Wallabies,2016-06-17
Eternos,DUVVII,2019-06-09
YoungYoung (Homónimo),YoungYoung,2018-03-08
Inmune,Waterfalls,2018-11-19
Inferno Club,Acid Waves,2017-07-21
East / West,Sexores,2018-03-15
Shadow of Your Love,The Darkstar Calling,2018-12-02
Ruina Circular,Espejo Convexo,2017-07-26
Edén,Fe,2020-04-29
The Longest Hug,Soma Cake,2020-03-05
 AÑO ONCE ,Capitals,2019-01-22
Clutter,Procesamiento digital de señales,2018-10-11
Between Minds,Between Minds,2019-02-25
Pasar de las Luces,Mint Field,2018-02-23
Away,Hawaiian Gremlins,2015-09-13
Borderline,Dead Stop Mx,2020-01-14
Miente,Calaverx,2021-02-01
Los inocentes,EESCA,2021-02-02
Perdido,Funeralz,2021-02-22
Muerte Joven y Las Paradojas Del Amor en el Tiempo,Demian Lair,2020-10-24
Irrelevant (Demo),Red Cigarettes,2019-12-27
Love Rain,Morning Rain,2021-02-11
Bitter / Gray Melodies,Sex Catrina,2011-06-23
Nothing but Pain,Blood Dance,2019-05-17
Vectores,.Stendal,2019-11-07
Espejos,EESCA,2021-08-08
XIII,Gorgonas,2021-08-03
Garden of Gloom,Animal Rojo,2018-11-23
"Stereochip Mixtape, Vol. 1",Cleus,2018-06-20
Esta Historia,Sombrío,2021-12-14
Las Ánimas del Cuarto Obscuro,Las Ánimas del Cuarto Obscuro,2021-10-08
Quiero Bailar con los Muertos,Rey Rata,2022-03-23
Fracaso en el Amor,Calaverx,2022-05-18
Cigarrillos para ella,"TETRICA, Tania Levian",2022-04-01
Danza Macabra,Black Cats,2022-06-02
Desaparece de Mí,Calaverx,2023-01-23
Soledad,Krusty.999,2023-06-09
Descontrol,Calaverx,2024-06-25
Acábame,Calaverx,2024-02-29
Ya No Hay Pétalos,Té De Navajas,2024-08-23
Vision,Alde,2024-10-18
La muerte te acecha,Ritüel For Two,2021-04-04
Dark Stars,Ritüel For Two,2023-02-24
El Jardin del Eden,Calaverx,2024-06-23
México,Calaverx,2024-09-27
Dejaré de Existir,Úukum,2023-07-21
Kokaine,Calaverx,2023-07-01
Calaverx,Calaverx,2023-03-31
Desire,"DANCING STRANGERS, Lorelle Meets The Obsolete",2023-01-11
Espejo,Calaverx,2025-04-18
Acércate,Calaverx,2025-07-18
Silueta Pálida,Silueta Pálida,1984-Unknown
Mil Marionetas,Ninot,1999-Unknown
Virginia,Las eras,2024-02-14
Austral,Las eras,2019-10-18
Medusa (O de los Amores Terribles),Hueco,2014-01-17
La Negra Voz de Dios,Hueco,2017-08-11
Control,Candy,2012-01-31
Stranger,Candy,2009-05-26
Sin Sentir,El Clan,1994-04-10
Euridice I,EURIDICE,2015-01-01
Entre el Humo y las Llamas,EURIDICE,2015-03-07
Girls,Hawaiian Gremlins,2014-01-01
Fate,Soviet Soviet,2013-11-11
Ellipsism,Bellenger,2017-Unknown
Insomnio,Leonora Post Punk,2020-05-27
Eternos,Leonora Post Punk,2020-10-26
Anestesia,Norwayy,2021-08-01
Cry with Me,The Stag Film,2021-08-06
Slow Ride / Save Your Loving (For Me),Foghat,1975-Unknown
Look What The Cat Dragged In,Poison,1986-01-01
Social Distortion,Social Distortion,1990-03-27
Ill Communication (Deluxe Version) [Remastered],Beastie Boys,1994-05-23
Drivin' South: Southern Rockin' Smash Hits,Mountain,2001-07-16
Another Shot of Old Skool of Rock,Alice Cooper,2009-01-01
Gold,Cream,2005-04-26
Shaun White Snowboarding: Official Soundtrack,Heart,2008-11-18
Room On Fire,The Strokes,2003-10-28
Sam's Town,The Killers,2006-10-03
Guitar Hero III Legends of Rock Companion Pack,AFI,2007-01-01
The Who - Ultimate Collection,The Who,2002-06-11
GRRR! (Deluxe Version),The Rolling Stones,2012-01-01
Paranoid,Black Sabbath,1970-09-18
Goo (Deluxe Edition),Sonic Youth,1990-Unknown
Weezer,Weezer,1994-05-10
Ten,Pearl Jam,1991-Unknown
The Best Of,Blue Öyster Cult,2007-11-30
OMFG! That’s Punk,Dead Kennedys,2009-06-23
Bad For Good: The Very Best Of Scorpions,Scorpions,2002-01-01
The Essential Aerosmith,Aerosmith,1973-Unknown
Rancho Texicano: The Very Best of ZZ Top,ZZ Top,2004-06-08
Appetite For Destruction / G N'R Lies / The Spaghetti Incident,Guns N' Roses,1987-07-21
(Rotten Apples) The Smashing Pumpkins Greatest Hits,The Smashing Pumpkins,2001-01-01
"Greatest Hits: Past, Present & Future","White Zombie, Iggy Pop",2003-10-13
The Pick Of Destiny,Tenacious D,2006-11-11
The Essential Stevie Ray Vaughan And Double Trouble 3.0,"Stevie Ray Vaughan, Double Trouble",1983-Unknown
Voices,Matchbook Romance,2006-02-14
Vol 3. The Subliminal Verses [Special Edition],Slipknot,2004-Unknown
Ten Thousand Fists,Disturbed,2005-09-19
Guitar Hero III Legends of Rock Companion Pack,Queens of the Stone Age,2007-01-01
Black Holes and Revelations,Muse,2006-06-28
Playlist: The Very Best Of Living Colour,Living Colour,2009-04-09
Reign In Blood,Slayer,1986-Unknown
The Number Of The Beast (1998 Remastered Edition),Iron Maiden,1982-Unknown
Outlaws Super Hits,The Charlie Daniels Band,1996-03-19
Stockholm Syndrome,Backyard Babies,2003-03-01
Go That Far,Bret Michaels,2007-02-27
No Regrets,Dope,2009-03-10
Twilight Dementia,DragonForce,2010-01-01
Orchestra Of Wolves (new version),Gallows,2007-06-18
I'm In The Band,The Hellacopters,2005-01-01
Avalancha,Heroes Del Silencio,1995-11-07
"Yours Truly, Angry Mob",Kaiser Chiefs,2007-01-01
As Daylight Dies (Special Edition),Killswitch Engage,2007-02-06
Revolverheld,Revolverheld,2005-09-23
The Sufferer & The Witness [International Version (Explicit)],Rise Against,2006-06-30
Can't Be Saved,Senses Fail,2007-02-25
Questions And Answers,The Sleeping,2006-Unknown
She Bangs The Drum,The Stone Roses,1989-10
Pop'n'Gum,Superbus,2005-01-01
"EAT ME, DRINK ME (International Version)",Marilyn Manson,2007-01-01
Doppelganger,The Fall of Troy,2005-Unknown
Evil Empire,Rage Against The Machine,1996-04-16
Dressed To Kill,KISS,1975-03-19
Inhuman Rampage,DragonForce,2006-05-23
Back In Black,AC/DC,1980-07-25
Highway to Hell,AC/DC,1979-07-27
The Razors Edge,AC/DC,1990-09-24
School's Out,Alice Cooper,1972-Unknown
Fool for the City,Foghat,1975-Unknown
Use Your Illusion II,Guns N' Roses,1991-09-18
Appetite For Destruction,Guns N' Roses,1987-07-21
Little Queen,Heart,1977-05-14
Alive!,KISS,1975-09-10
Dynasty,KISS,1979-03-23
Led Zeppelin IV (Deluxe Edition),Led Zeppelin,1971-11-08
Climbing!,Mountain,1970-Unknown
Elephant,The White Stripes,2003-04-01
DECEMBERUNDERGROUND,AFI,2006-06-06
First Impressions Of Earth,The Strokes,2006-01-03
Sam's Town,The Killers,2006-09-27
Rage Against The Machine - XX (20th Anniversary Special Edition),Rage Against The Machine,1992-Unknown
Rage Against The Machine,Rage Against The Machine,1992-11-03
Timely!!,Anri,1983-12-05
Expressions,Mariya Takeuchi,2008-05-21
midnight cruisin',Kingo Hamada,1982-10-21
"TOKYO 1980s Victor Edition (The Alternate Mix) Boogie, Funk & Modern Soul from Japan ～Non Stop Mix ver.～",Kaoru Akimoto,2018-10-31
STEPS ＋2,Yurie Kokubu,2014-07-09
"コミュニケーション (+3, 2012 Remaster)",Junko Yagami,1985-02-10
ドリームインザストリート,池田典代,2018-01-10
ADVENTURE,Momoko Kikuchi,1986-06-25
MIGNONNE (Mastered by Bernie Grundman),Taeko Onuki,1978-09-21
SEYCHELLES,Masayoshi Takanaka,1976-Unknown
BRASILIAN SKIES,Masayoshi Takanaka,1978-Unknown
miss. G,Naoko Gushima,1996-06-05
Limon Y Sal,Julieta Venegas,2006-05-25
Originales - 20 Exitos,Los Enanitos Verdes,1986-Unknown
Papito (Deluxe),"Miguel Bosé, Julieta Venegas",2007-Unknown
Grandes Exitos,Bacilos,2006-05-23
La Flaca,Jarabe De Palo,1996-Unknown
Mi Sangre,Juanes,2004-01-01
Mundo Lite,"Aleks Syntek, Ana Torroja",2004-01-01
Todo Cambio,Camila,2006-Unknown
"Ana, Jose, Nacho (TF1 Co-Production)",Mecano,1998-03-30
Por Hacerme el Bueno,Bacilos,2017-09-22
Un Día Normal,Juanes,2002-01-01
Alejandro Fernandez 15 Años De Exitos,Alejandro Fernández,2003-05-09
Dejarte De Amar,Camila,2010-02-09
Un Mundo Diferente,Diego Torres,2001-10-31
De mi puño y letra - Edicion Coleccionista,"Carlos Baute, Marta Sánchez",2009-Unknown
En Todo Estaré (Deluxe Edition),Chayanne,2014-08-25
We Broke The Rules,"Aventura, Judy Santos",2002-06-01
¿Con Quién Se Queda El Perro?,Jesse & Joy,2011-12-06
Destino Paraiso,Gianluca Grignani,1995-01-01
Coleccion definitiva (Deluxe),"Alejandro Sanz, Shakira",2011-11-11
Soy Como Quiero Ser,Luis Miguel,1987-07-15
París,La Oreja de Van Gogh,2004-05-10
Big Bang,Los Enanitos Verdes,1994-01-01
Vida Loca,Francisco Céspedes,1998-Unknown
Aries,Luis Miguel,1993-Unknown
Di Qué Sientes Tú,Chayanne,2018-04-26
The Weather,Pond,2017-05-05
Goodness Gracious,Sunbeam Sound Machine,2019-05-03
At Work on Several Things,Jons,2016-11-04
Hypnic Jerks,SPIRIT OF THE BEEHIVE,2018-09-14
Hyper Super Mega,The Holydrug Couple,2018-09-14
Currents,Tame Impala,2015-07-17
If (Deluxe Edition),Swim Mountain,2021-10-08
Spitting Off the Edge of the World,"Yeah Yeah Yeahs, Perfume Genius",2022-06-01
Balneario,Los Animales También Se Suicidan,2019-04-12
Verano en Coma,Da Pawn,2017-09-20
Natsuko,Los Plastics Revolution,2014-01-15
Frenesí,60 Tigres,2015-04-02
Kilimanjaro,Tripulación de Osos,2020-03-27
Bubblegum Dog,MGMT,2023-11-29
Oracular Spectacular,MGMT,2007-12-14
Time to Pretend,MGMT,2005-08-30
Haunted,Laura Les,2021-03-12
1000 gecs,"100 gecs, Laura Les, Dylan Brady",2019-05-31
mememe,100 gecs,2021-11-19
Snake Eyes,100 gecs,2022-12-02
Snake Eyes,"100 gecs, Skrillex",2022-12-02
"10,000 gecs",100 gecs,2023-03-17
LosT,Bring Me The Horizon,2023-05-04
1000 gecs and The Tree of Clues,"100 gecs, Charli xcx, Rico Nasty, Kero Kero Bonito",2020-07-10
L･O･V･E･L･Y ～夢見るLOVELY BOY～,Tommy february6,2004-07-14
Únicos,Siddhartha,2016-09-23
Year Zero,Nine Inch Nails,2007-04-17
Antics,Interpol,2004-09-27
Yo Voy (Post-Punk Version),Depresión Post-Mortem,2021-04-10
Originales - 20 Exitos,Soda Stereo,1983-Unknown
八方來財(Stacks from All Sides),攬佬SKAI ISYOURGOD,2024-08-20
八方來財(Stacks from All Sides),"攬佬SKAI ISYOURGOD, AR刘夫阳",2024-08-20
Tourist History,Two Door Cinema Club,2010-02-17
Our Love To Admire,Interpol,2007-07-10
Generational Run,Adamn Killa,2025-06-20
Ten,Pearl Jam,1991-08-27
Songs of Her's,Her's,2017-05-12
TRON: Ares (Original Motion Picture Soundtrack),"Nine Inch Nails, Judeline",2025-09-19
Colourmeinkindness,Basement,2012-10-23
Flames,Rey Pila,2019-02-21
Programaton,Zoé,2013-01-01
The Best Of 1980 - 1990,U2,1998-11-02
Náufrago,Siddhartha,2011-04-05
The Future Sugar (Track by Track Commentary),Rey Pila,2015-07-16
Internacionales Y Románticos,Los Temerarios,1989-01-01
Gran Disco Mini Precio - Dulce Beat,Belanova,2005-01-01
ハルカリベーコン,HALCALI,2003-09-03
Vigilante,Vigilante,2019-02-08
Eat The Moon,UNCHAIN,2012-12-05
Loretta,Ginger Root,2021-06-16
how i'm feeling now,Charli xcx,2020-05-15
Fantasía Pop,Belanova,2007-Unknown
Tokyo Fantasy,Alessandra M,1982-03-12
Sulle punte per sembrare grandi,"Cara Calma, Bologna Violenta",2018-01-19
Ese Hijo de Puta Se Mete Vidrio,Mi Mochila Huele A Semen,2022-09-01
DIRTY,Bambole Di Pezza,2023-07-06
Mostri,Giorgieness,2021-10-28
Proaño,Enjambre,2014-10-14
Memo Rex Commander y el Corazón Atómico de la Vía Láctea,Zoé,2006-07-12
El Príncipe de la Canción,José José,2017-06-23
BODY,AAAMYYY,2019-02-06
Alps,Motorama,2010-01-12
ファンファーレ,Advantage Lucy,1999-05-12
Be Here Now / Are You The One,Basement,2019-04-26
Pandora,Wisp,2024-04-05
El Segundo Es Felino,"Enjambre, Denise Gutiérrez",2008-Unknown
A LONG VACATION,Eiichi Ohtaki,2021-03-21
Sólo Eres Tú,Caifanes,2022-02-10
Amor prohibido,Daniela Romo,1984-05-18
30 Exitos Insuperables,Daniela Romo,2003-01-01
Martini Mia...,Mia Martini,2011-07-08
Parole per Angela,Luigi Tenco,1959-04-14
Sergio Endrigo (1962),Sergio Endrigo,1962-01-01
Another Boy,Provoker,2025-03-11
Brand New Eyes,Paramore,2009-09-25
Bi・Ki・Ni,Anri,1983-06-05
Clarity,"Zedd, Foxes",2012-01-01
Welcome to My Blue Sky,Momma,2025-04-04
Back To Me,The Marías,2025-04-04
Reencuentro,José José,1977-05-07
Mil Siluetas,La Unión,1984-10-15
Naufragios,Mikel Erentxun,1992-Unknown
PELÍCULAS PERDIDAS,Delfina Campos,2024-08-02
Miku,"Anamanaguchi, Hatsune Miku",2016-05-24
Fallen,Evanescence,2003-03-04
Locura,Virus,1985-04-29
The Colour And The Shape,Foo Fighters,1997-05-20
La Danza De La Ciudad,Cómplices,1990-05-03
STONE OCEAN,ichigo from 岸田教団&THE明星ロケッツ,2021-12-01
Tonight,Franz Ferdinand,2009-01-27
Norte,Little Jesus,2013-12-03
Río Salvaje,Little Jesus,2016-06-17
Disco de Oro,Little Jesus,2019-05-24
Verità Supposte,Caparezza,2003-01-01
Hounds Of Love,Kate Bush,1985-09-16
Covers,Placebo,2003-03-24
No Geography,The Chemical Brothers,2019-04-12
"Lei, gli amici e tutto il resto",Nek,1996-Unknown
Destellos,"CLUBZ, Ela Minus",2019-01-25
DIRTY (Deluxe),"Bambole Di Pezza, Kate Klein",2023-11-17
Clarity (Deluxe),"Zedd, Hayley Williams",2012-Unknown
BRAT,Charli xcx,2024-06-07
Kaitlyn,"Eric Dangerfield, The Paradox",2024-07-03
First Collection 2006-2009,Fleet Foxes,2018-11-09
Goo,Sonic Youth,1990-01-01
Greed,Freddie Dredd,2022-06-30
Disco,Surf Curse,2019-06-12
Windows I,HUNNY,2017-05-26
Coral Crown,"Darren Korb, Erin Yvette, Ashley Barrett, Judy Alice Lee",2024-05-08
Yes. Yes. Yes. Yes. Yes.,"HUNNY, Bleached",2019-07-19
Coleccion Suprema,Los Prisioneros,2007-01-01
Vowels (and the Importance of Being Me),HUNNY,2016-04-08
"Better Off (Alone, Pt. III)","Alan Walker, Dash Berlin, Vikkstar",2023-09-28
Doolittle,Pixies,1989-04-17
Meteora (Bonus Edition),Linkin Park,2003-03-25
Meteora,Linkin Park,2003-03-25
Hybrid Theory (Bonus Edition),Linkin Park,2000-10-24
Songs For The Deaf,Queens of the Stone Age,2002-Unknown
Hot Fuss,The Killers,2004-Unknown
fever,Against The Current,2021-07-23
Christmas Kaboom,Naeleck,2022-11-25
Trilogy,Carpenter Brut,2015-01-19
Femme Fatale (Deluxe Version),Britney Spears,2011-03-28
My Everything (Deluxe),Ariana Grande,2014-08-22
That's The Spirit,Bring Me The Horizon,2015-09-11
Kool-Aid,Bring Me The Horizon,2024-01-05
The Best of The '68 Comeback Special (Live),Elvis Presley,2019-02-15
Surrealistic Pillow,Jefferson Airplane,1967-Unknown
Impossible Broadcasting,"Transglobal Underground, Tim Whelan, Hamilton Lee, Gurjit Sihra, Sheema Mukherjee, Hamid Mantu",2004-Unknown
To Pimp A Butterfly,Kendrick Lamar,2015-03-16
Canciones de los Personajes de Dragon Ball,Ricardo Silva,2019-08-23
Enema Of The State,blink-182,1999-06-01
blink-182,blink-182,2003-01-01
Evangelion Finally,Arianne,2020-12-04
Decade,Mareux,2013-07-07
Saturday Night Wrist,Deftones,2006-10-25
I Let It in and It Took Everything,Loathe,2020-02-07
Pressure,Blind Seagull,2018-02-18
The Destroyer - 2,TR/ST,2019-11-01
Mil Veces Maldito,Déjenme Dormir,2021-05-28
Peligro,Reik,2012-06-22
POST HUMAN: SURVIVAL HORROR,"Bring Me The Horizon, BABYMETAL",2020-10-30
POST HUMAN: SURVIVAL HORROR,Bring Me The Horizon,2020-10-30
POST HUMAN: SURVIVAL HORROR,"Bring Me The Horizon, Nova Twins",2020-10-30
Paramore,Paramore,2013-04-05
amo,"Bring Me The Horizon, Dani Filth",2019-01-25
amo,Bring Me The Horizon,2019-01-25
Entrega Total,Onda Vaselina,1998-Unknown
Caja de Música,"Monsieur Periné, Vicente Garcia",2015-06-16
Minutes to Midnight,Linkin Park,2007-05-14
amo,"Bring Me The Horizon, Grimes",2019-01-25
System Of A Down (Deluxe Version),System Of A Down,1998-Unknown
Misadventures,Pierce The Veil,2016-05-13
Sex Symbol,Adalberto Santiago,1989-01-01
Pink Tape,"Lil Uzi Vert, Bring Me The Horizon",2023-06-30
Collide With The Sky,Pierce The Veil,2012-07-17
¿Dónde Jugarán Los Niños?,Maná,1992-Unknown
Contemporary Movement,Duster,2000-08-22
HU HU HU,Natalia Lafourcade,2009-Unknown
El Templo del Pop,Miranda!,2008-04-01
Hotel Miranda!,"Miranda!, Maria Becerra, FMK",2023-04-19
after dark x sweater weather (slowed + reverb),"daddy's girl, creamy, 11:11 Music Group",2022-07-07
Dark Angel,Provoker,2018-05-14
Un futuro mejor,Tripulación de Osos,2021-08-27
The Perfect Girl (The Motion Retrowave Remix),"Mareux, The Motion",2022-05-16
Night Work,Sione,2022-11-18
Bloom,Beach House,2012-05-15
Elevator,Hot Hot Heat,2005-03-30
Entre A Mi Mundo,Selena,1992-Unknown
Planet Pop,"A Touch Of Class, Pete Konemann",2000-11-06
Everytime We Touch (Premium Edition),Cascada,2010-02-12
GLOW ON,Turnstile,2021-08-27
Mi Droga Favorita,"Isla de Caras, Little Jesus",2023-06-09
Secuencia,Reik,2006-11-14
Vicente Fernandez Para Siempre,Vicente Fernández,2007-08-26
Dulce Beat,Belanova,2006-Unknown
Step to Rhythm,Turnstile,2013-04-02
Se Fue (Con Ximena Sariñana y Elsa y Elmar),"Little Jesus, Ximena Sariñana, Elsa y Elmar",2021-02-26
You Could Have It So Much Better,Franz Ferdinand,2005-10-03
Franz Ferdinand,Franz Ferdinand,2004-02-16
Up the Bracket,The Libertines,2002-10-14
The Libertines,The Libertines,2004-08-30
Wolfgang Amadeus Phoenix,Phoenix,2009-05-25
Wicked Nature,The Vines,2014-08-29
Highly Evolved,The Vines,2002-01-01
Veni Vidi Vicious,The Hives,2000-Unknown
The Fragile,Nine Inch Nails,1999-09-21
Shawcross,Good Morning,2014-11-14
SINO,Café Tacvba,2007-01-01
Cuatro Caminos,Café Tacvba,2003-07-01
Re,Café Tacvba,1994-07-20
El Silencio,Caifanes,1992-06-08
Babel - Music From And Inspired By The Motion Picture,"Blanquito Man, Control Machete, Celso Piña",2006-01-01
Freaks,Surf Curse,2021-05-15
Yoshimi Battles the Pink Robots,The Flaming Lips,2002-05-13
Thee Sacred Souls,Thee Sacred Souls,2022-08-26
Reales Tamarindos,Tripulación de Osos,2018-04-27
Robormiga,Tripulación de Osos,2015-05-31
THE EDGES BETWEEN THE LINE,"DJ AKi, YELLOCK, takeo",2022-07-01
Moving Colors,takeo,2023-04-07
2,Mac DeMarco,2012-10-16
"You're A Woman, I'm A Machine",Death From Above 1979,2004-09-28
The Very Best Of,UB40,2000-Unknown
"Moonkid Mondays, Vol. 1",Deko,2020-01-01
Cyberspace,"Yameii Online, Deko",2020-04-07
Nu Radio!,"Deko, Yameii Online",2021-11-23
SCARING THE HOES,"JPEGMAFIA, Danny Brown",2023-03-24
the world i love,Internet Girl,2021-06-11
Alvvays,Alvvays,2014-07-22
D'arcy,No Somos Marineros,2017-12-29
Die For You (Remix),"The Weeknd, Ariana Grande",2023-02-24
Piano Bar,Charly García,1984-01-01
Collection,90sFlav,2018-02-09
AT.LONG.LAST.A$AP,A$AP Rocky,2015-05-26
Diosito,Sgt. Papers,2022-07-20
Lionheart,Vestron Vulture,2020-10-10
Services,Tempers,2015-10-23
Tomb for Two,Lebanon Hanover,2013-10-10
Hyper Romance,Jadu Heart,2020-09-25
Presente,Technicolor Fabrics,2019-05-31
Sound of Silver,LCD Soundsystem,2007-03-12
Youth is Only Ever Fun in Retrospect,Sundara Karma,2017-07-07
Acoustics,Minus the Bear,2008-10-07
In Between Dreams,Jack Johnson,2005-01-01
Every Kingdom,Ben Howard,2011-01-01
XO,John Mayer,2014-05-27
Clouded (Deluxe Edition),This Wild Life,2014-05-27
Dream Your Life Away (Special Edition),Vance Joy,2014-09-08
Land & Sea,Ziggy Alberts,2014-12-11
Recycled Youth - Volume One,Never Shout Never,2015-03-03
Lemons,Woodlock,2013-03-23
Wanderlust,Hollow Coves,2017-02-03
Love Is a Four Letter Word (Deluxe Edition),Jason Mraz,2012-04-13
Waiting for My Rocket to Come,Jason Mraz,2002-Unknown
Sun Giant,Fleet Foxes,2008-02-28
We Sing. We Dance. We Steal Things.,Jason Mraz,2008-05-12
The Search for Everything,John Mayer,2017-04-14
What Is Love?,Never Shout Never,2010-Unknown
The Wild Hunt,The Tallest Man On Earth,2010-04-13
The Bitter End,"Right Away, Great Captain!",2007-01-01
We Sing. We Dance. We Steal Things.,"Jason Mraz, Colbie Caillat",2008-05-12
x (Deluxe Edition),Ed Sheeran,2014-06-21
Back from the Edge,James Arthur,2016-10-28
Continuum,John Mayer,2006-09-11
The College Dropout,"Twista, Kanye West, Jamie Foxx",2004-02-10
Bizarre Ride II The Pharcyde,The Pharcyde,1992-11-24
The Predator,Ice Cube,1992-11-17
The Low End Theory,A Tribe Called Quest,1991-09-24
Pray for Paris,"Westside Gunn, Joey Bada$$, Tyler, The Creator, Billie Essco",2020-04-17
Hitler Wears Hermes 8: Side B,"Westside Gunn, Tyler, The Creator",2021-09-24
2000,"Joey Bada$$, Westside Gunn",2022-07-22
"Down Like That (feat. Rick Ross, Lil Baby & S-X)","KSI, S-X, Lil Baby, Rick Ross",2019-11-08
RED & WHITE,Lil Uzi Vert,2022-07-25
DAMN.,Kendrick Lamar,2017-04-14
Take Me To Your Leader,King Geedorah,2003-06-17
"good kid, m.A.A.d city (Deluxe)",Kendrick Lamar,2012-Unknown
Birds In The Trap Sing McKnight,Travis Scott,2016-09-16
"King's Dead (with Kendrick Lamar, Future & James Blake)","Jay Rock, Kendrick Lamar, Future, James Blake",2018-01-12
Birds In The Trap Sing McKnight,"Young Thug, Travis Scott, Quavo",2016-09-16
"good kid, m.A.A.d city",Kendrick Lamar,2012-Unknown
DAMN.,"Kendrick Lamar, Zacari",2017-04-14
CALL ME IF YOU GET LOST,"Tyler, The Creator, Brent Faiyaz, Fana Hues",2021-06-25
"ROADRUNNER: NEW LIGHT, NEW MACHINE","BROCKHAMPTON, A$AP Rocky, A$AP Ferg",2021-04-09
Drip Harder,"Lil Baby, Gunna",2018-10-05
Flower Boy,"Tyler, The Creator, Rex Orange County, Anna of the North",2017-07-21
MM..FOOD,MF DOOM,2004-11-16
Hitler Wears Hermes 8: Sincerely Adolf,"Westside Gunn, Mach-Hommy",2021-08-27
Legends Never Die,Juice WRLD,2020-07-10
Scorpion,Drake,2018-06-29
POCKET ROCKET,Cochise,2021-08-20
DO IT AGAIN,Cochise,2022-03-04
2 Alivë,Yeat,2022-02-18
Tell Em,"Cochise, $NOT",2021-05-28
4L,Yeat,2021-06-10
Whole Lotta Red,Playboi Carti,2020-12-25
Still countin,Yeat,2022-02-11
CALL ME IF YOU GET LOST,"Tyler, The Creator, Lil Uzi Vert, Pharrell Williams",2021-06-25
CALL ME IF YOU GET LOST,"Tyler, The Creator, YoungBoy Never Broke Again, Ty Dolla $ign",2021-06-25
CALL ME IF YOU GET LOST,"Tyler, The Creator, DJ Drama",2021-06-25
FUTURE,Future,2017-06-30
ASTROWORLD,Travis Scott,2018-08-03
ZEZE (feat. Travis Scott & Offset),"Kodak Black, Offset, Travis Scott",2018-10-12
TEST DRIVE,"Joji, Clams Casino",2018-10-16
Coloring Book,"Chance the Rapper, Lil Wayne, 2 Chainz",2016-05-27
?,XXXTENTACION,2018-03-16
Lucid Dreams,Juice WRLD,2018-05-04
XO TOUR Llif3,Lil Uzi Vert,2017-03-24
This Old Dog,Mac DeMarco,2017-05-05
Sex & Food,Unknown Mortal Orchestra,2018-04-06
Suck It and See,Arctic Monkeys,2011-06-06
Next to You,Flavors,2016-03-19
Colour Of The Trap,Miles Kane,2011-05-02
Halfway to Nowhere,Chelou,2016-11-04
Harmless Melodies,Yellow Days,2016-11-18
Ignite,"Alan Walker, Julie Bergan, K-391, SEUNGRI",2018-05-11
Frame of Mind,"Tristam, Braken",2014-04-25
Concepts,Frank Sinatra,1992-Unknown
Sinatra's Swingin' Session!!! And More (Remastered / Expanded Edition),Frank Sinatra,1961-Unknown
The Roots Of The Cramps,Warren Smith,2009-06-01
"The John Denver Collection, Vol. 1: Take Me Home Country Roads",John Denver,1997-06-17
Bob Crosby and the Bobcats: The Complete Standard Transcriptions,Bob Crosby & The Bob Cats,2004-Unknown
The Great Jazz Voices,Bing Crosby,2015-08-21
Verities & Balderdash,Harry Chapin,1974-Unknown
Process,Sampha,2017-02-03
Flamingos,Bunbury,2002-02-28
Don't You Worry Child,"Swedish House Mafia, John Martin",2012-09-14
Some Nights,"fun., Janelle Monáe",2012-02-21
Mezzanine,"Massive Attack, Elizabeth Fraser",1998-01-01
99 Luftballons,Nena,1984-08-21
Gangsta's Paradise,"Coolio, L.V.",1995-11-07
Graduation,Kanye West,2007-09-11
Hunting High and Low,a-ha,1985-06-01
Stand Proud,Jin Hashimoto,2014-11-14
Aerosmith,Aerosmith,1973-01-05
The Wall,Pink Floyd,1979-11-30
Fragile (Deluxe Edition),Yes,1971-11-26
Sheer Heart Attack (Deluxe Remastered Version),Queen,1974-11-08
Love,The Beatles,2006-11-17
Jazz,Queen,1978-11-10
A Day At The Races (Deluxe Remastered Version),Queen,1976-12-10
News Of The World (Deluxe Remastered Version),Queen,1977-10-28
Jazz (Deluxe Remastered Version),Queen,1978-11-10
A Night At The Opera (Deluxe Remastered Version),Queen,1975-11-21
The Game (Deluxe Remastered Version),Queen,1980-06-27
Second Youth,Lena Natalia,2016-11-11
Uncertain,Cinthya Garcia,2017-11-24
From The Yellow Room,Yiruma,2003-10-23
Eric Satie: Gymnopedie and Other Easy Listening Piano Music,Erik Satie,2012-01-19
40 Most Beautiful Piano Classics,"Robert Schumann, Cyprien Katsaris",2011-06-28
40 Most Beautiful Piano Classics,"Maurice Ravel, Monique Haas",2011-06-28
Your Lie In April Piano Collection,Cat Trumpet,2017-02-17
Watashi No Uso (Your Lie in April Original Soundtrack),Theishter,2016-12-25
Piano Arrangements,"Steve Porter, Pyotr Ilyich Tchaikovsky",2010-04-21
"Klassisk Musik för Barn (Lugn, Vila och Bättre Sömn)","Claude Debussy, Josephine Ulmer",2011-09-07
Amantes Sunt Amentes,PXNDX,2006-10-02
Kiosko,Porter,2013-08-01
Cuxillo,Porter,2017-05-26
Moctezuma,Porter,2015-03-03
Donde los Ponys Pastan,Porter,2004-11-11
Aztlán,Zoé,2018-04-18
Avalancha de éxitos,Café Tacvba,1996-Unknown
MTV Unplugged Música De Fondo (Reissue/Live),Zoé,2011-01-01
Galactic Melt,Com Truise,2011-06-14
Этажи,Molchat Doma,2018-09-07
Socadona - Summer Virals,"Vantage, Absofacto",2022-03-11
Dear Annie,"Rejjie Snow, Dana Williams",2018-05-03
Intimate Fonk,"Dabeull, HolyBrune",2019-06-18
City Club,The Growlers,2016-09-30
Ditch,Gus Dapperton,2016-06-03
Mrs Magic,Strawberry Guy,2019-07-22
HIT EM WHERE IT HURTS,PawPaw Rod,2020-09-18
What For?,Toro y Moi,2015-04-07
Black Lipstick,Chicano Batman,2015-08-20
Orca,Gus Dapperton,2020-09-18
"Prune, You Talk Funny",Gus Dapperton,2017-12-05
Angel Youth,Vansire,2018-04-26
Nightcall,Kavinsky,2010-Unknown
Depression Cherry,Beach House,2015-08-28
Lonerism,Tame Impala,2012-01-01
Visitors,Scattle,2014-04-29
Beachwalk (Zen Remix),Whitewoods,2017-01-07
Skiptracing,Mild High Club,2016-08-26
Renee,SALES,2013-06-23
Rear View,Josh Lis,2017-06-29
Chiquito,Cuco,2018-05-04
Antisocialites,Alvvays,2017-09-08
wannabewithu,Cuco,2016-07-09
Life Of Leisure,Washed Out,2009-09-08
Sparks EP,Chrome Sparks,2013-08-29
Play the Game,Whitewoods ,2016-04-01
Beach Walk,Whitewoods ,2015-12-03
Odyssey,Home,2014-07-01
Chiquito,"Cuco, Kwe$t",2018-05-04
CASE STUDY 01,"Daniel Caesar, John Mayer",2019-06-28
808s & Heartbreak,Kanye West,2008-11-24
El Pintor,Interpol,2014-09-08
Twin Fantasy,Car Seat Headrest,2018-02-16
Hot Fuss,The Killers,2004-06-15
Battle Born (Deluxe Edition),The Killers,2012-09-17
Mellon Collie And The Infinite Sadness (Remastered),The Smashing Pumpkins,1995-12-12
The New Abnormal,The Strokes,2020-04-10
Comedown Machine,The Strokes,2013-03-25
Fast Animals,The Strokes,2013-03-26
Future Present Past,The Strokes,2016-06-03
Angles,The Strokes,2011-03-21
Hard To Explain/New York City Cops,The Strokes,2002-04-30
Is This It,The Strokes,2001-07-30
Bálsamo,Caloncho,2017-08-11
No Pierdas la Simpleza,Luca Bocci,2020-06-19
Conversaciones Ajenas en un Café,Sebastián Romero,2019-05-17
"Mátame Please, Carita Feliz",Diego Lorenzini,2020-08-14
Déjenme Llorar,Carla Morrison,2012-03-27
Una Vez Más,Ximena Sariñana,2020-04-30
Tú,maye,2019-09-06
Amor Eterno,Vanessa Zamora,2016-08-19
De Algo Hay Que Morir,Diego Lorenzini,2019-08-30
dame tu amor,ARIEL,2020-08-21
Serotonina,"Simón Campusano, Diego Lorenzini",2018-09-23
Temporada,Patio Solar,2015-01-14
Me Enculé,Duck Fizz,2019-03-15
#ponteelcasco,Los Wálters,2013-04-15
Durmiendo en el Parque,Niños Del Cerro,2020-01-10
Fuegos Artificiales,Simón Campusano,2020-10-02
Lance,Niños Del Cerro,2018-08-31
Háblate de Mí,Jósean Log,2016-10-14
Voluma,León Larregui,2016-03-11
Casa Pepe,Fabiancito,2020-01-17
Isla,Bandalos Chinos,2016-09-09
Caramelo,Los Wálters,2018-06-14
nadie me cae bien,"Little Jesus, Jesse Baez",2021-08-27
Todo Es Temporal,Jardín,2015-11-25
Tornaluna,Vanessa Zamora,2018-10-05
Isla Disco,Los Wálters,2016-10-27
Ojos Negros,"Paula Cendejas, Girl Ultra",2020-09-09
¿Dónde Bailarán Las Niñas?,Ximena Sariñana,2019-03-01
Destellos,CLUBZ,2018-09-28
muero x ti,"Noah Pino Palo, CLUBZ",2020-03-20
BACH,Bandalos Chinos,2018-Unknown
Mas Allá Del Sol,Manuel Bonilla,2014-04-09
15 Exitos Inmortales,Los Panchos,2016-08-20
Dos Idolos Cantando,"Los Panchos, Javier Solís",1959-Unknown
Canta En Español Con Los Panchos,"Eydie Gormé, Los Panchos",1964-Unknown
La Colección Definitiva,"Maria Dolores Pradera, Joaquín Sabina",2017-12-01
Amarraditos,Maria Dolores Pradera,1967-06-14
"Directo al corazón, Vol. 2 (Remastered)",Los Panchos,2014-07-07
Historia De Un Amor,Los Panchos,1960-Unknown
Calypso,Harry Belafonte,1956-Unknown
Grand Champ,"DMX, Swizz Beatz",2003-01-01
The Best Of DMX,DMX,2010-01-01
Ready to Die (The Remaster),The Notorious B.I.G.,1994-09-13
Greatest Hits,The Notorious B.I.G.,2007-03-02
Raise!,"Earth, Wind & Fire",1981-11-14
Music Sounds Better With You,"Stardust, Benjamin Diamond, Alan Braxe, Thomas Bangalter",1998-07-20
Synkronized,Jamiroquai,1999-06-08
"The Best Of Earth, Wind & Fire Vol. 1","Earth, Wind & Fire",1978-11-23
True Colors,"Zedd, Jon Bellion",2015-05-15
Less Is More,"Lost Frequencies, Janieck Devy",2016-10-21
Less Is More,Lost Frequencies,2016-10-21
Grand Theft Auto Vice City OST (Greatest Hits),A Flock Of Seagulls,2002-11-26
Previsão,Brenky,2018-06-08
"thoughts, feelings, concerns ep",jhfly,2016-02-01
Autumn,Kavv,2018-03-20
Early Spring,".Sinh, Masego",2017-07-13
it's just a blur,Sky.High,2017-10-24
roses [beat tape],"Flavors, Two Sleepy",2017-11-09
'67 Mustang,Dweeb,2018-09-28
Futari,Hentaidesu,2018-03-21
ep unexpected,eevee,2016-12-01
Chillhop Daydreams,Barnes Blvd.,2018-08-08
in your arms,Saib,2018-03-08
"Schools out, Lets Go Get Some Ice Cream",Through & Through,2017-04-12
Harbor,Tomppabeats,2016-05-06
Gratitude.,Jinsang,2015-01-06
Last Summer,Barnes Blvd.,2018-05-08
Tea Time,Chance Thrash,2017-09-13
sidewalk safari,"potsu, tenpō, Chance Thrash",2020-04-29
Peaach Tea ft Vivian Tran,"Chance Thrash, Vivian Tran",2017-11-05
Porto Sirena,"Cabro Artico, Bossawave",2021-02-18
Porto Sirena,Cabro Artico,2021-02-18
Porto Sirena,"Cabro Artico, Komorebi Dúo",2021-02-18
Glidin' Along,"Saito, Lester Nowhere, HM Surf",2018-01-30
A Cup of Lofi #1,Pabzzz,2018-02-13
Porto Sirena,"Cabro Artico, Grace Caracol",2021-02-18
Late Night Earl Grey,Chance Thrash,2017-11-30
A Girl On The Train,Chance Thrash,2018-04-19
Beat Batch #3,Blvk,2017-09-16
Digital Nomad,Milkz,2019-07-04
[Autu] : [Wintu],Brenky,2018-12-07
Balance,Cat Paw,2018-06-12
Patterns,Joe Corfield,2018-09-10
Soul Mates,"Jazzinuf, Etymology Records",2020-01-01
Genesis,jrd.,2018-03-17
Healing Spell,Ibrahim,2021-04-07
Cinnamon,Ibrahim,2017-01-20
Recharge,Ibrahim,2019-01-09
Dancing in the Scintillation,Ibrahim,2017-10-13
Quiet Dreams of Crowns and Metamorphosis,Ibrahim,2017-12-18
Bullet Train Fantasy,"Ibrahim, Luvbird",2018-08-07
A World at Peace,Ibrahim,2017-08-21
Plaza viva,Cabro Artico,2020-05-29
Plaza viva,"Cabro Artico, Winters of Blue",2020-05-29
for you,aimless,2017-08-04
Plaza viva,"Cabro Artico, Alfredo Tauber",2020-05-29
Limited,Kudasaibeats,2019-07-06
Upbeat August,Kavv,2018-08-02
Oldschool Memories,samashi,2018-06-20
Plaza viva,"Cabro Artico, Matis Huaiquiflou",2020-05-29
movinglikeazombie (remix),"ericdoa, umru, SEBii, angelus, kmoe, Lewis Grant, savepoint, Tony Velour, emotegi, d0llywood1, 4kmirage",2020-11-04
Corta Venas,"Eslabon Armado, DannyLux",2020-12-18
Natural,Sol Flamingo,2016-08-23
Somos Amigos,Mi Sobrino Memo,2019-06-14
Cien Años,"Mi Sobrino Memo, Daniel Dennis",2018-04-17
Si Nos Dejan,"Daniel, Me Estás Matando, Mi Sobrino Memo",2020-01-01
Soñé Contigo,"Carlos Sadness, Marco Mares",2020-04-09
Piel Canela,Mi Sobrino Memo,2017-09-25
Gato de Noche,"Ñengo Flow, Bad Bunny",2022-12-22
EL ÚLTIMO TOUR DEL MUNDO,"Bad Bunny, ROSALÍA",2020-11-27
X 100PRE,Bad Bunny,2018-12-23
Volví,"Aventura, Bad Bunny",2021-08-03
Lo Siento BB:/ (with Bad Bunny & Julieta Venegas),"Tainy, Bad Bunny, Julieta Venegas",2021-10-05
Yonaguni,Bad Bunny,2021-06-04
No Te Enamores,Paloma Mami,2018-12-21
Medusa,"JHAYCO, Anuel AA, J Balvin",2020-02-05
MALA SANTA,Becky G,2019-10-18
TKN (feat. Travis Scott),"ROSALÍA, Travis Scott",2020-05-28
Calma (Remix),"Pedro Capó, Farruko",2018-10-05
Inocente,Myke Towers,2019-06-25
La Familia,"J Balvin, Farruko",2013-09-29
Fénix,"Nicky Jam, Enrique Iglesias",2017-01-20
YHLQMDLG,Bad Bunny,2020-02-29
TrapXficante,"Farruko, Bad Bunny, Rvssian",2017-09-15
Famouz,"JHAYCO, J Balvin, Bad Bunny",2019-05-24
Soltera (Remix),"Lunay, Daddy Yankee, Bad Bunny",2019-05-10
"Yo x Ti, Tu x Mi","ROSALÍA, Ozuna",2019-08-15
Vamo a Busal,Jowell & Randy,2014-12-13
Solo de Mi,Bad Bunny,2018-12-14
Épico,"Lunay, Myke Towers",2019-10-25
Nibiru,Ozuna,2019-11-29
Motivan2,"Zion & Lennox, J Balvin",2016-09-30
El Efecto,"Rauw Alejandro, Chencho Corleone",2019-03-15
Energía,J Balvin,2016-06-24
Suavemente...Los Exitos,Elvis Crespo,2008-10-14
15 Éxitos,Laura Leon,1997-Unknown
Inolvidables,Los Ángeles Azules,1996-01-01
STYLEY! vol.2,PSYQUI,2018-10-28
サック,IGLOOVY,2021-06-16
Duo Niágara,Dúo Niágara,2015-Unknown
Pop Negro,El Guincho,2010-09-13
La Fiesta de la Forma,Los Reyes del Falsete,2009-09-29
Pasajeros,Temple Sour,2018-01-25
La Madre Tirana II,La Madre Tirana,2017-02-27
Las Pruebas Destructivas,Bestia Bebé,2017-11-03
Alto al Fuego,Jumbo,2011-02-04
Fragancia,Los Wálters,2018-12-24
Ciudades de Noche,Rubytates,2018-02-09
Tiempo Compartido,"Vacación, Adanowsky",2019-10-25
Jacaranda,Jósean Log,2018-03-23
En Cantos,"iLe, Natalia Lafourcade",2020-04-23
Departamento,"Bandalos Chinos, Adan Jodorowsky",2019-08-02
Quiero,"Walter Esaú, Las Nieves de Enero, Jesús Antonio López Guerrero",2016-08-01
Estas Canciones Me Recuerdan a Ti,Marco Mares,2019-05-31
Kamisori Otome,Ichiko Aoba,2010-01-20
０,Ichiko Aoba,2013-10-23
MOTTAINAI,YeYe,2017-11-08
minuscule,mamerico,2011-09-13
ゆめ,Lamp,2014-02-05
For Lovers,Lamp,2004-02-11
ランプ幻想,Lamp,2008-12-03
Solo Pienso En Eso,Los Romanticos de Zacatecas,2020-12-11
Corazonada,Los Romanticos de Zacatecas,2014-06-27
Muchacha,Los Romanticos de Zacatecas,2010-06-25
Monarca,La Gusana Ciega,2014-07-01
Cambio Estacional,Odisseo,2018-09-28
Río Salvaje,"Little Jesus, Elsa y Elmar, Ximena Sariñana",2017-04-07
Vida de Perros,Los Bunkers,2007-03-21
El Vuelo del Pez,"Siddhartha, Caloncho",2014-01-14
Primario,DLD,2012-09-18
El Tiempo y la Ciudad,Canseco,2007-Unknown
Norte,Little Jesus,2013-12-17
cassette,george,2018-07-06
boy.,"offonoff, DEAN",2017-07-24
Maldito,Elis Paprika,2016-07-29
Luminosidad,Delfina Campos,2019-06-21
Camas Separadas,Daniela Spalla,2018-09-21
Difícil,Terno Rei,2022-02-15
Dias da Juventude,Terno Rei,2022-01-18
Princesa,Carne Doce,2016-08-24
Vida Que Segue,Não ao Futebol Moderno,2016-08-10
Leve,PLUMA,2020-08-21
Lá Vem a Morte,Boogarins,2017-06-09
Manual,Boogarins,2015-10-30
Violeta,Terno Rei,2019-02-01
Cavala,Maria Beraldo,2018-05-30
As Plantas Que Curam,Boogarins,2013-Unknown
Metal Health,Quiet Riot,1983-Unknown
Ramones (40th Anniversary Deluxe Edition; 2016 Remaster),Ramones,1976-04-23
Out Of Our Heads,The Rolling Stones,1965-07-30
Beggars Banquet (50th Anniversary Edition),The Rolling Stones,1968-12-06
Led Zeppelin,Led Zeppelin,1969-01-12
From The Fires,Greta Van Fleet,2017-11-10
Salad Days,Mac DeMarco,2014-04-01
Letrux em Noite de Climão,Letrux,2017-07-10
2016-2020,iri,2021-10-27
Die Lit,Playboi Carti,2018-05-11
MM..FOOD,"MF DOOM, Mr. Fantastik",2004-11-16
Pronounced' Leh-'Nerd 'Skin-'Nerd,Lynyrd Skynyrd,1973-01-01
The Life Of Pablo,Kanye West,2016-06-10
Miss The Rage (feat. Playboi Carti),"Trippie Redd, Playboi Carti",2021-05-07
2 Alivë (Geëk Pack),Yeat,2022-04-01
Random Access Memories,"Daft Punk, Julian Casablancas",2013-05-20
Yeezus,Kanye West,2013-06-18
@ MEH,Playboi Carti,2020-04-16
Up 2 Më,Yeat,2021-09-10
Time,Mr.Kitty,2014-10-06
Scary Garry,"Kaito Shoma, DJ Paul, Kingpin Skinny Pimp",2021-01-04
Close Eyes (Slowed + Reverb),DVRST,2021-07-16
He Has Left Us Alone But Shafts Of Light Sometimes Grace The Corner Of Our Rooms,Silver Mt. Zion,2000-03-13
RAVE (Slowed),Dxrk ダーク,2022-04-12
Terrorwave,Dxrk ダーク,2021-07-13
RAVE,Dxrk ダーク,2022-03-18
#BrooklynBloodPop!,SyKo,2020-07-27
The Perfect Girl,Mareux,2021-12-08
help_urself,Ezekiel,2021-06-11
First Rays Of The New Rising Sun,Jimi Hendrix,1997-04-22
Psychedelic Drugstore - Remastered,Aguaturbia,1970-Unknown
Are You Experienced,Jimi Hendrix,1967-05-12
Electric Ladyland,Jimi Hendrix,1968-10-25
Axis: Bold As Love,Jimi Hendrix,1967-12-01
Live at Woodstock,Jimi Hendrix,1999-07-06
Between the Sheets,The Isley Brothers,1983-08-21
Juicy Fruit,Mtume,1983-Unknown
Late Night Tales: Another Late Night - Zero 7,Sylvia Striplin,2012-03-23
Slick,Eddie Kendricks,1977-08-01
Habichuela en Rama,Pepe Habichuela,1997-01-31
Aire,Jose Merce,1998-Unknown
Montreux 1991 (En Directo En El Festival De Jazz De Montreux / 1991),"Camaron De La Isla, Tomatito, El Pele, Moraito Chico, Charo Manzano, Tino Di Geraldo",2018-11-30
Almoraima,Paco de Lucía,1976-01-01
Flamenco es... Camaron,"Camaron De La Isla, Paco de Lucía",2010-01-01
Integral,"Paco de Lucía, Orquesta De Cadaques, Edmon Colomer",2010-01-04
Friday Night in San Francisco,"Al Di Meola, John McLaughlin, Paco de Lucía",1981-Unknown
Mi Historia: Paco De Lucia,Paco de Lucía,1997-09-23
Selvagens à Procura de Lei,Selvagens à Procura de Lei,2013-06-04
Los Hermanos,Los Hermanos,1999-06-05
Laberinto,Bengala,2019-10-18
HARD,River Moon,2021-04-16
Super Seres de Mundos Extraordinarios,Los Plastics Revolution,2019-03-01
Tiernos,Technicolor Fabrics,2017-05-26
Río Salvaje,Little Jesus,2017-04-07
SGTP,Sgt. Papers,2021-10-15
Pérdida Total,Sgt. Papers,2022-10-26
Sgt. Papers Lonely Psych Punk Band,Sgt. Papers,2018-03-12
Pista de Baile,Ultra P,2017-Unknown
Hoy,L3ON,2018-08-10
Disco de Oro,"Little Jesus, Girl Ultra",2019-05-24
Monitor,Volován,2006-01-01
Volovan,Volován,2018-08-03
Sin Tiempo,Ultra P,2017-Unknown
Nadadenovo,Mombojó,2004-05-23
Boys Loved Her,No Buses,2019-09-11
I'm With You,No Buses,2022-07-23
Boring Thing,No Buses,2018-12-08
Tic,No Buses,2018-05-05
Beach Fossils,Beach Fossils,2010-05-25
Buttertones,The Buttertones,2014-01-22
Sights and Sounds,Made In Japan,2012-02-17
Alvvays,Alvvays,2014-01-01
Buds,Surf Curse,2015-05-10
Cyclones and Hey Lover,Wabie,2019-06-19
Summer Break Mixtape,No Vacation,2015-07-15
Somersault,Beach Fossils,2017-06-02
Limonada Rosa,Señor Kino,2017-Unknown
Colores,Señor Kino,2019-03-22
Vuelta en U,"Señor Kino, Ed Maverick",2022-04-01
El Invento EP,José González,2022-03-09
Unbearable,Paul Baribeau,2010-01-01
Haven (from Life Is Strange),Novo Amor,2021-03-18
Evening/Morning,"Bombay Bicycle Club, Kathryn Williams",2008-08-04
Portamento,The Drums,2011-09-06
In Our Nature,José González,2007-09-24
An Awesome Wave,alt-J,2012-09-18
Folding Leaves,Message To Bears,2012-Unknown
Stay Alive (From The Secret Life Of Walter Mitty),José González,2013-01-01
Crosses,José González,2003-07-02
Veneer,José González,2006-04-03
Costa,Ultra P,2017-Unknown
Morena,Noah Pino Palo,2019-06-21
Dorama,Primavera Club,2020-01-10
Neurosis & Rock N´roll,Pequeño Fénix,2020-04-13
Viva Hate (2014 Remaster),Morrissey,1988-03-15
Love Will Tear Us Apart,Joy Division,1980-06-01
What Did You Expect from The Vaccines?,The Vaccines,2011-03-14
Catflap,Sobs,2017-06-23
Strawberry Feels,Subsonic Eye,2017-04-21
Distant Crush,Teenage Priest,2019-11-01
Chinese Fountain,The Growlers,2014-09-23
Spring EP,Wallows,2018-04-06
The Smiths,The Smiths,1984-02-20
Solen,Solen,2012-Unknown
Microcastle,Deerhunter,2008-10-31
Modern Vampires of the City,Vampire Weekend,2013-05-27
Carousel,"Luna Luna, Pretty Boy Aaron",2019-10-04
I Don't Need You,Acid Ghost,2015-04-06
"Lula, I'm Not Mad",HUNNY,2019-04-23
Glitterbug (Deluxe Edition),The Wombats,2015-04-14
Menos El Oso,Minus the Bear,2005-08-23
Tourist History,Two Door Cinema Club,2010-02-07
Changing Of The Seasons,Two Door Cinema Club,2013-01-01
Vowels (And the Importance of Being Me),HUNNY,2016-04-22
Nadie T.V.,Los Plastics Revolution,2019-08-23
Enjambre Y Los Huéspedes Del Orbe,Enjambre,2012-01-01
El Segundo Es Felino,Enjambre,2008-Unknown
Daltónico,Enjambre,2010-01-01
Ya Lo Dijo Rufis Taylor,Los Romanticos de Zacatecas,2012-03-16
Bahía Santiago,"Technicolor Fabrics, Siddhartha",2015-06-23
Cérès,Ramona,2017-10-20
Fantasía Pop,Belanova,2007-01-01
Humbug,Arctic Monkeys,2009-08-20
Fin del Mundo,Fin del Mundo,2020-04-03
I Want to Hide My Face & Die,Acid Ghost,2015-11-26
You Only Live Once/Mercy Mercy Me,The Strokes,2006-09-26
"The Music of Grand Theft Auto V, Vol. 1: Original Music",Neon Indian,2013-09-24
Era Extraña,Neon Indian,2011-09-13
No Quiero ser Madre,Margaritas Podridas,2022-08-15
Oro,Bengala,2009-01-01
¿Qué Nos Pasó?,DRIMS,2018-08-07
Anne solo,"Clément Froissart, Concorde",2023-01-12
Me Hiciste Brujería,Sgt. Papers,2020-05-21
Todo Mal,"Ultra P, Películas Geniales",2021-08-19
Bengala,Bengala,2006-01-01
The Future Sugar,Rey Pila,2015-09-24
Clics Modernos,Charly García,1983-11-05
Descent Into Madness,Cvmpliant,2022-04-11
Falso Realismo,Jambu,2021-04-23
Puzzle Box,"Rezz, Subtronics",2022-03-04
Pem Pem (Io sono Elettra e faccio),Andreotti,2022-12-15
Ad Astra (Original Motion Picture Soundtrack),Max Richter,2019-10-17
This Is Happening,LCD Soundsystem,2010-05-17
Psychedelic Jungle,The Cramps,1981-05-01
Ruido Rosa,Ruido Rosa,2010-11-25
Little Electric Chicken Heart,Ana Frango Elétrico,2019-09-12
Mulher Homem Bicho,Ana Frango Elétrico,2020-12-18
Tangerine,Violet Soda,2018-11-09
E Se Não Der Pra Esperar?,Lupa,2019-04-26
Vai Doer,Lupa,2019-11-01
Bixinho,Lupa,2019-08-23
Lupercália,Lupa,2018-09-25
Oi :),Lupa,2019-02-08
Нам остается лишь ждать,Увула,2019-04-01
DON'T BLEED,Le Butcherettes,2020-02-14
Death of a Bachelor,Panic! At The Disco,2016-01-15
Holy Hell,Ginger Root,2022-07-28
Graduation,"Kanye West, Chris Martin",2007-09-11
My Beautiful Dark Twisted Fantasy,"Kanye West, Pusha T",2010-11-22
Traslocando,Loredana Bertè,1982-09-20
The Keyboard King at Studio One,Jackie Mittoo,2017-03-10
"One Love, One Heart",Yabby You,1983-Unknown
Prince Alla: The Best Of (Redemption Sounds present),Prince Alla,2016-06-01
One Two,Sister Nancy,1982-Unknown
Trojan Presents: Dancehall,Junior Murvin,2011-05-24
Gran Hotel,Interpol,2022-07-12
Burn,"Pouya, KXLLSWXTCH",2021-07-14
FIVE FIVE,Pouya,2018-03-05
Death by Dishonor,"Ghostemane, Shakewell, Pouya, Erick the Architect",2017-02-17
Underground Underdog,Pouya,2016-04-29
Get Buck,Pouya,2012-06-01
Sensational,"Yung Gravy, Pouya, Ramirez, TrippyThaKid",2019-05-31
1000 Rounds,"Ghostemane, Pouya",2017-03-20
i miss you,Ichika Nito,2019-07-10
Morfina,Kiddie Gang,2019-08-01
Suspiros,"Daniel, Me Estás Matando, Alex Ferreira",2019-05-09
"Lo Hice, Te Dejé","Daniel, Me Estás Matando",2021-04-16
(III),Crystal Castles,2012-01-01
I Sold My Soul to the Devil When I Was 12,GRLwood,2019-08-02
My Beautiful Dark Twisted Fantasy,"Kanye West, Rick Ross",2010-11-22
来光,"クボタカイ, Shun Maruno",2021-04-07
Monstruos y Animales,"Los Makenzy, Superlitio, Pipe Bravo",2019-04-26
Los Makenzy,Los Makenzy,2016-05-12
Los Salvajes EP,Odisseo,2011-07-01
Love Paraíso,La Garfield,2016-09-21
Clásicos,"LAGOS, Danny Ocean",2021-05-28
Ghosts,mitsume,2019-04-03
"good kid, m.A.A.d city","Kendrick Lamar, Jay Rock",2012-Unknown
eye,mitsume,2012-Unknown
Mess,Caro Valenzuela,2019-10-23
"La Playa de los 90, Vol 1",LAWALL,2015-04-29
Fractal,The Oaths,2014-04-20
Ninjas,Rey Pila,2017-03-10
Summer 08,Metronomy,2016-07-01
Death to the Pixies,Pixies,1997-10-06
Cartografia,Dolores 602,2018-03-02
Cariño,The Marías,2018-08-17
The Future Sugar,Rey Pila,2015-07-17
I Don't Know You,The Marías,2017-06-14
Obra de Arte,Carla Morrison,2021-06-17
Já,Maskavo,2000-Unknown
Delusión,Bratty,2019-03-01
Ventura,Los Hermanos,2003-07-05
Te Amo Lá Fora,DUDA BEAT,2021-04-27
Autofagia,El Cómodo Silencio De Los Que Hablan Poco,2020-06-05
Suspiros,"Daniel, Me Estás Matando",2019-05-09
mix pa llorar en tu cuarto,Ed Maverick,2018-03-02
Stadium Arcadium,Red Hot Chili Peppers,2006-05-09
Layla And Other Assorted Love Songs (Remastered 2010),Derek & The Dominos,1970-11-01
Never Trust a Happy Song,GROUPLOVE,2011-09-02
Modjo (Remastered),Modjo,2001-Unknown
Hispanic Causing Panic,Kid Frost,1990-01-01
Traicionera,Sebastian Yatra,2016-06-24
フェイクワールドワンダーランド,Kinokoteikoku,2014-10-29
Norte (Japanese Version),Little Jesus,2013-12-17
Jump Up Calypso,Harry Belafonte,1961-07-21
Los Momentos,Julieta Venegas,2013-03-19
Boys Missed The Bus,No Buses,2019-04-15
Girls just want to have fun,"Bladee, Ecco2k",2020-02-24
LUCKY,"Lucie,Too",2018-02-07
Major Arcana,Speedy Ortiz,2013-07-09
Amor de Siempre (Mariachi Version),Cuco,2018-09-19
Who The F*** Are Arctic Monkeys?,Arctic Monkeys,2006-05-09
Head In The Clouds,"88rising, Joji, Rich Brian",2018-07-20
Junk Of The Heart,The Kooks,2011-01-01
Vampire Weekend,Vampire Weekend,2008-01-29
Ocean,Parekh & Singh,2016-10-28
AM,Arctic Monkeys,2013-09-09
The Lumineers (Deluxe Edition),The Lumineers,2013-08-20
Kiss,KISS,1974-02-18
Hotter Than Hell,KISS,1974-10-22
Destroyer,KISS,1976-03-15
Rock And Roll Over,KISS,1976-11-11
Love Gun (Deluxe Edition),KISS,1977-06-30
Alive II (Remastered Version),KISS,1977-10-14
Unmasked,KISS,1980-05-20
Music From  The Elder  (Remastered),KISS,1981-11-16
Creatures Of The Night,KISS,1982-10-13
Lick It Up,KISS,1983-09-18
Animalize,KISS,1984-09-13
Asylum,KISS,1985-09-16
Crazy Nights,KISS,1987-09-18
Hot In The Shade,KISS,1989-01-01
Revenge,KISS,1992-01-01
Carnival Of Souls: The Final Sessions,KISS,1997-10-28
Psycho Circus,KISS,1998-01-01
Symphony: Alive IV,KISS,2003-07-22
Symphony: Alive IV,"KISS, The Melbourne Symphony Ensemble",2003-07-22
Symphony: Alive IV,"KISS, Melbourne Symphony Orchestra",2003-07-22
Monster,KISS,2012-01-01
Alive III,KISS,1993-01-01
Joy of Little Things,When Chai Met Toast,2017-01-26
Wonderful Wonderful,The Killers,2017-09-22
American Idiot,Green Day,2004-09-21
Beacon (Deluxe Version),Two Door Cinema Club,2012-01-01
"Come Over When You're Sober, Pt. 1",Lil Peep,2017-08-15
Young North - EP,The Paper Kites,2013-03-05
I'm Afraid of Everything,Human Kitten,2016-01-01
The Payback,James Brown,1973-12-01
The Heat Is On,The Isley Brothers,1975-08-21
The Definitive Collection (Deluxe Edition),Stevie Wonder,2002-10-29
Are You With Me (Radio Edit),Lost Frequencies,2015-01-26
Lo Mejor De OV7,OV7,2007-06-29
Vicious Pastimes,House of Harm,2020-09-04
Butcher's Coin,TRAITRS,2018-05-18
Jack & Sally,Giorgieness,2022-12-23
Funebri pompe,Pornoriviste,2012-03-27
NO HANDS,"Joey Valence & Brae, Danny Brown",2024-06-07
The Perfect Girl,Mareux,2019-10-13
Private Life,Tempers,2019-10-25
Lesser Man EP,Boy Harsher,2014-Unknown
Midnight,Johnny Goth,2021-07-13
Ceremony,Twin Tribes,2019-12-13
Predestiny,Mareux,2020-04-17
Spectral Tease,Mareux,2020-02-14
Abyss,Pastel Ghost,2015-03-10
The Great Awakening,Johnny Goth,2020-10-30
Distance,Rendez Vous,2016-03-04
Cinematic Youth,peach tinted,2020-07-27
Rew,Rew,2017-05-25
Dark Angel,Provoker,2018-06-15
Cold Summer,Mareux,2019-10-13
Shades of Violet,Vestron Vulture,2017-01-01
Arp-87,bloody/bath,2020-07-16
1 to 50,Abr.,2016-07-09
Scorpio,Mareux,2019-08-22
White Light,Sidewalks and Skeletons,2015-03-05
The Destroyer - 1,TR/ST,2019-04-19
Choke,Soft Kill,2016-11-04
Alabaster Chamber,Forever Grey,2016-07-13
Kasvetli Kutlama,She Past Away,2010-04-03
Always Then,The KVB,2012-01-30
While I Disappear,This Cold Night,2016-01-02
Skryvaj,Nürnberg,2018-11-05
Adorn,You'll Never Get to Heaven,2014-08-04
Inamorata,Mareux,2018-10-18
Time,Mr.Kitty,2014-08-08
HeatDeath,Suave Punk,2021-07-07
Vessel,Lorn,2015-Unknown
Yr Body Is Nothing,Boy Harsher,2016-Unknown
TRST,TR/ST,2012-02-28
Let Them In,Johnny Goth,2019-09-13
Psycho,Mareux,2019-06-29
Underground,Mareux,2019-01-01
Zone,The Mall,2020-02-20
Innocence,Cristoforo Donadi,2018-10-02
Chroma,Buzz Kull,2017-04-20
Eternal Rest,"Sidewalks and Skeletons, CASHFORGOLD",2020-11-13
Deeper,The Soft Moon,2015-03-31
Invisible,Labyrinth Ear,2020-12-21
Ether,Cathedral Bells,2021-01-29
Street Desires,Gap Girls,2019-02-01
Two of Me,Momma,2020-06-05
Collection III,Vestron Vulture,2017-01-01
Sonar,TWIN ION ENGINE,2021-08-27
Collide With The Sky,"Pierce The Veil, Kellin Quinn",2012-07-17
Diamond Eyes,Deftones,2010-04-30
"Now, Life is Living You",Modern Color,2021-09-24
Koi No Yokan,Deftones,2012-11-09
Bleed American,Jimmy Eat World,2001-07-17
Decode,Paramore,2008-11-04
Riot!,Paramore,2007-06-12
From Under The Cork Tree,Fall Out Boy,2005-05-03
Chocolate Starfish And The Hot Dog Flavored Water,Limp Bizkit,2000-10-17
Senderos De Traición,Heroes Del Silencio,1990-Unknown
Alma En Fuego,Inspector,2002-07-30
Nectar,Los Enanitos Verdes,1999-01-01
Rock en Español 80's & 90's,Kenny y los Eléctricos,2020-05-29
El Grito Del Tiempo,Duncan Dhu,1987-01-17
Grandes Exitos,La Unión,2000-06-30
Solos en América,Miguel Mateos - Zas,1986-09-01
Rock en Tu Idioma Sinfónico,Bon (Bon y Los Enemigos del Silencio),2015-11-27
"Rock En Tu Idioma, Eléctrico","Humberto Calderón (Neón), Sergio Santacruz (Neón), Jorge Chiquis Amaro  Chix , Leonardo de Lozanne",2020-09-22
Singles,Rostros Ocultos,2017-02-10
Conga Rock,Oceano,1987-07-02
Entre el Cielo y el Suelo (Bonus Tracks Edition),Mecano,1986-06-16
Ahí Vamos,Gustavo Cerati,2006-04-04
Greatest Hits 1992-2010 E da qui,Nek,2010-11-16
Non Ci Sto,Syria,2009-11-30
Gaman,Star 99,2025-03-07
Midnight Marauders,A Tribe Called Quest,1993-11-09
Life After Death (2014 Remastered Edition),The Notorious B.I.G.,1997-03-04
Return of the Boom Bap,KRS-One,1993-09-03
The Infamous,Mobb Deep,1995-04-25
Interstellar (Original Motion Picture Soundtrack) [Expanded Edition],Hans Zimmer,2014-11-18
Interstellar (Original Motion Picture Soundtrack) [Expanded Edition],"Hans Zimmer, John Lithgow, Ellen Burstyn, Casey Affleck, Jessica Chastain, Matthew McConaughey, Mackenzie Foy",2014-11-18
Ad Astra (Original Motion Picture Soundtrack),Lorne Balfe,2019-10-17
Ad Astra (Original Motion Picture Soundtrack),Nils Frahm,2019-10-17
The Martian: Original Motion Picture Score,Harry Gregson-Williams,2015-09-30
Wolfmother,Wolfmother,2006-01-01
Operation: Doomsday (Complete),"MF DOOM, Pebbles The Invisible Girl",1999-10-19
00:00,Siddhartha,2022-03-31
Carmesí,José Madero,2016-04-29
Mon Laferte (Vol. 1),Mon Laferte,2015-08-21
Rotos,Young Tender,2018-08-02
El Vuelo del Pez,Siddhartha,2014-01-14
At The Door,The Strokes,2020-02-11
タイム・ラプス,Kinokoteikoku,2018-09-12
ロンググッドバイ,Kinokoteikoku,2013-12-04
eureka,Kinokoteikoku,2013-02-06
SHISHAMO 3,SHISHAMO,2016-03-02
Honenuki E.P.,POLKADOT STINGRAY,2016-11-18
SUGAR TITLE,KEYTALK,2011-11-09
ネオンと虎,PASSEPIED,2018-04-03
全知全能,POLKADOT STINGRAY,2017-11-08
Country Road,Saucy Dog,2017-05-24
Nagisanite,indigo la End,2012-09-05
さようなら、素晴らしい世界,indigo la End,2012-04-11
Love & Groove Delivery,UNCHAIN,2013-03-27
Have Fun,Shin Rizumu,2017-05-10
Togenkyo To Taxi,Mega Shinnosuke,2019-06-05
Mellow Yellow,SPiCYSOL,2018-07-04
DADASTATION,DADARAY,2017-12-06
Connected to You 5M,ASIAN KUNG-FU GENERATION,2003-11-19
Re: Re:,ASIAN KUNG-FU GENERATION,2016-03-16
Flcl (Original Soundtrack),the pillows,2020-01-19
Rubbish:),No Buses,2022-03-09
Eleven plus two / Twelve plus one,Helsinki Lambda Club,2020-11-25
No New World,MASS OF THE FERMENTING DREGS,2018-07-04
